vendor_id,pickup_datetime,dropoff_datetime,passenger_count,trip_distance,pickup_longitude,pickup_latitude,rate_code,store_and_fwd_flag,dropoff_longitude,dropoff_latitude,payment_type,fare_amount,surcharge,mta_tax,tip_amount,tolls_amount,total_amount,pickup_datetime1,pickup_datetime2,pickup_date,dropoff_datetime1,dropoff_datetime2,dropoff_date,pickup_time,dropoff_time
VTS,6/1/2014 8:00,6/1/2014 8:20,1,14.85,-73.780334,40.645374,1,,-73.943886,40.72224,CRD,40,0,0.5,8,0,48.5,6/1/2014,8:00:00,19875,6/1/2014,8:20:00,19875,8:00:00,8:20:00
VTS,6/1/2014 8:00,6/1/2014 9:04,1,18.58,-73.781075,40.644985,2,,-73.974724,40.757702,CRD,52,0,0.5,11.47,5.3299999,69.300003,6/1/2014,8:00:00,19875,6/1/2014,9:04:00,19875,8:00:00,9:04:00
VTS,6/1/2014 8:00,6/1/2014 8:08,1,1.9299999,-73.88855,40.74704,1,,-73.904556,40.745461,CSH,8,0,0.5,0,0,8.5,6/1/2014,8:00:00,19875,6/1/2014,8:08:00,19875,8:00:00,8:08:00
VTS,6/1/2014 8:00,6/1/2014 8:11,1,3.48,-73.910927,40.769398,1,,-73.955154,40.757801,CSH,13,0,0.5,0,0,13.5,6/1/2014,8:00:00,19875,6/1/2014,8:11:00,19875,8:00:00,8:11:00
VTS,6/1/2014 8:00,6/1/2014 8:17,2,5.25,-73.918251,40.743256,1,,-73.989563,40.756489,CSH,18,0,0.5,0,0,18.5,6/1/2014,8:00:00,19875,6/1/2014,8:17:00,19875,8:00:00,8:17:00
VTS,6/1/2014 8:00,6/1/2014 8:02,1,0.56,-73.930153,40.744328,1,,-73.920662,40.742764,CSH,4,0,0.5,0,0,4.5,6/1/2014,8:00:00,19875,6/1/2014,8:02:00,19875,8:00:00,8:02:00
VTS,6/1/2014 8:00,6/1/2014 8:05,1,1.34,-73.932205,40.75951,1,,-73.918831,40.75938,CSH,6.5,0,0.5,0,0,7,6/1/2014,8:00:00,19875,6/1/2014,8:05:00,19875,8:00:00,8:05:00
CMT,6/1/2014 8:00,6/1/2014 8:19,1,9.8999996,-73.937241,40.850616,1,N,-73.986687,40.734238,CRD,29,0,0.5,0,0,29.5,6/1/2014,8:00:00,19875,6/1/2014,8:19:09,19875,8:00:00,8:19:09
VTS,6/1/2014 8:00,6/1/2014 8:04,2,0.83999997,-73.940651,40.793091,1,,-73.946564,40.791489,CSH,5,0,0.5,0,0,5.5,6/1/2014,8:00:00,19875,6/1/2014,8:04:00,19875,8:00:00,8:04:00
VTS,6/1/2014 8:00,6/1/2014 8:24,1,5.9699998,-73.941017,40.839546,1,,-73.952019,40.773094,CRD,21.5,0,0.5,3,0,25,6/1/2014,8:00:00,19875,6/1/2014,8:24:00,19875,8:00:00,8:24:00
VTS,6/1/2014 8:00,6/1/2014 8:08,1,1.99,-73.946083,40.781258,1,,-73.967979,40.765533,CSH,9,0,0.5,0,0,9.5,6/1/2014,8:00:00,19875,6/1/2014,8:08:00,19875,8:00:00,8:08:00
VTS,6/1/2014 8:00,6/1/2014 8:05,5,1.65,-73.946762,40.799866,1,,-73.960388,40.781601,CRD,7,0,0.5,1.75,0,9.25,6/1/2014,8:00:00,19875,6/1/2014,8:05:00,19875,8:00:00,8:05:00
VTS,6/1/2014 8:00,6/1/2014 8:16,1,4.02,-73.947701,40.77874,1,,-73.995285,40.75209,CSH,15,0,0.5,0,0,15.5,6/1/2014,8:00:00,19875,6/1/2014,8:16:00,19875,8:00:00,8:16:00
VTS,6/1/2014 8:00,6/1/2014 8:19,1,10.68,-73.949478,40.785374,1,,-73.879028,40.87973,CRD,31,0,0.5,5,0,36.5,6/1/2014,8:00:00,19875,6/1/2014,8:19:00,19875,8:00:00,8:19:00
VTS,6/1/2014 8:00,6/1/2014 8:02,5,0.54000002,-73.951729,40.769863,1,,-73.953438,40.764168,CRD,4,0,0.5,1,0,5.5,6/1/2014,8:00:00,19875,6/1/2014,8:02:00,19875,8:00:00,8:02:00
VTS,6/1/2014 8:00,6/1/2014 8:09,5,1.8099999,-73.953018,40.772423,1,,-73.978905,40.783512,CSH,8.5,0,0.5,0,0,9,6/1/2014,8:00:00,19875,6/1/2014,8:09:00,19875,8:00:00,8:09:00
VTS,6/1/2014 8:00,6/1/2014 8:13,2,3.6900001,-73.953102,40.74321,1,,-73.967735,40.771343,CRD,14,0,0.5,2,0,16.5,6/1/2014,8:00:00,19875,6/1/2014,8:13:00,19875,8:00:00,8:13:00
VTS,6/1/2014 8:00,6/1/2014 8:11,1,2.8499999,-73.953629,40.782219,1,,-73.985992,40.767975,CRD,11.5,0,0.5,1.5,0,13.5,6/1/2014,8:00:00,19875,6/1/2014,8:11:00,19875,8:00:00,8:11:00
VTS,6/1/2014 8:00,6/1/2014 8:07,1,2.3499999,-73.954277,40.781387,1,,-73.975906,40.751705,CRD,8.5,0,0.5,2.1199999,0,11.12,6/1/2014,8:00:00,19875,6/1/2014,8:07:00,19875,8:00:00,8:07:00
VTS,6/1/2014 8:00,6/1/2014 8:06,1,1.46,-73.955139,40.720905,1,,-73.958008,40.717976,CRD,7,0,0.5,1,0,8.5,6/1/2014,8:00:00,19875,6/1/2014,8:06:00,19875,8:00:00,8:06:00
VTS,6/1/2014 8:00,6/1/2014 8:05,1,2.4300001,-73.956841,40.786415,1,,-73.97831,40.75703,CSH,8.5,0,0.5,0,0,9,6/1/2014,8:00:00,19875,6/1/2014,8:05:00,19875,8:00:00,8:05:00
VTS,6/1/2014 8:00,6/1/2014 8:12,5,2.6300001,-73.956924,40.768284,1,,-73.972939,40.79269,CSH,11.5,0,0.5,0,0,12,6/1/2014,8:00:00,19875,6/1/2014,8:12:00,19875,8:00:00,8:12:00
VTS,6/1/2014 8:00,6/1/2014 8:09,1,3.27,-73.9589,40.774994,1,,-73.989029,40.736668,CRD,11,0,0.5,1.5,0,13,6/1/2014,8:00:00,19875,6/1/2014,8:09:00,19875,8:00:00,8:09:00
VTS,6/1/2014 8:00,6/1/2014 8:08,6,2.01,-73.966003,40.805161,1,,-73.971519,40.782261,CRD,9,0,0.5,1.8,0,11.3,6/1/2014,8:00:00,19875,6/1/2014,8:08:00,19875,8:00:00,8:08:00
VTS,6/1/2014 8:00,6/1/2014 8:07,1,1.6799999,-73.966789,40.772869,1,,-73.98391,40.779747,CRD,8,0,0.5,1.6,0,10.1,6/1/2014,8:00:00,19875,6/1/2014,8:07:00,19875,8:00:00,8:07:00
VTS,6/1/2014 8:00,6/1/2014 8:15,1,4.8400002,-73.966843,40.794006,1,,-73.974586,40.741959,CSH,16.5,0,0.5,0,0,17,6/1/2014,8:00:00,19875,6/1/2014,8:15:00,19875,8:00:00,8:15:00
VTS,6/1/2014 8:00,6/1/2014 8:08,1,2.25,-73.968033,40.800121,1,,-73.946609,40.824749,CRD,9,0,0.5,2,0,11.5,6/1/2014,8:00:00,19875,6/1/2014,8:08:00,19875,8:00:00,8:08:00
VTS,6/1/2014 8:00,6/1/2014 8:06,6,1.71,-73.969261,40.785496,1,,-73.971916,40.765991,CRD,7,0,0.5,1.75,0,9.25,6/1/2014,8:00:00,19875,6/1/2014,8:06:00,19875,8:00:00,8:06:00
VTS,6/1/2014 8:00,6/1/2014 8:15,1,4.1500001,-73.969368,40.800194,1,,-73.991493,40.750317,CRD,14.5,0,0.5,4.3499999,0,19.35,6/1/2014,8:00:00,19875,6/1/2014,8:15:00,19875,8:00:00,8:15:00
VTS,6/1/2014 8:00,6/1/2014 8:03,1,0.44,-73.970482,40.757553,1,,-73.974236,40.761608,CSH,4,0,0.5,0,0,4.5,6/1/2014,8:00:00,19875,6/1/2014,8:03:00,19875,8:00:00,8:03:00
VTS,6/1/2014 8:00,6/1/2014 8:11,2,3.0699999,-73.971756,40.782085,1,,-73.942749,40.816471,CSH,12.5,0,0.5,0,0,13,6/1/2014,8:00:00,19875,6/1/2014,8:11:00,19875,8:00:00,8:11:00
VTS,6/1/2014 8:00,6/1/2014 8:02,1,0.63,-73.972359,40.761066,1,,-73.975594,40.754974,CSH,4,0,0.5,0,0,4.5,6/1/2014,8:00:00,19875,6/1/2014,8:02:00,19875,8:00:00,8:02:00
VTS,6/1/2014 8:00,6/1/2014 8:07,1,1.09,-73.972878,40.743671,1,,-73.986824,40.749531,CRD,7,0,0.5,1.4,0,8.8999996,6/1/2014,8:00:00,19875,6/1/2014,8:07:00,19875,8:00:00,8:07:00
VTS,6/1/2014 8:00,6/1/2014 8:06,6,1.86,-73.974869,40.755268,1,,-73.958847,40.778191,CSH,8,0,0.5,0,0,8.5,6/1/2014,8:00:00,19875,6/1/2014,8:06:00,19875,8:00:00,8:06:00
VTS,6/1/2014 8:00,6/1/2014 8:14,1,5.8200002,-73.974892,40.756771,1,,-74.014412,40.703857,CSH,18.5,0,0.5,0,0,19,6/1/2014,8:00:00,19875,6/1/2014,8:14:00,19875,8:00:00,8:14:00
VTS,6/1/2014 8:00,6/1/2014 8:10,3,1.9299999,-73.975037,40.757622,1,,-73.959618,40.77409,CSH,9,0,0.5,0,0,9.5,6/1/2014,8:00:00,19875,6/1/2014,8:10:00,19875,8:00:00,8:10:00
VTS,6/1/2014 8:00,6/1/2014 8:01,4,0.2,-73.975082,40.761784,1,,-73.976501,40.759789,CSH,3,0,0.5,0,0,3.5,6/1/2014,8:00:00,19875,6/1/2014,8:01:00,19875,8:00:00,8:01:00
VTS,6/1/2014 8:00,6/1/2014 8:03,6,0.67000002,-73.977043,40.763058,1,,-73.982559,40.769264,CSH,4.5,0,0.5,0,0,5,6/1/2014,8:00:00,19875,6/1/2014,8:03:00,19875,8:00:00,8:03:00
VTS,6/1/2014 8:00,6/1/2014 8:24,1,16.370001,-73.977928,40.725471,1,,-73.867859,40.686623,CSH,44.5,0,0.5,0,0,45,6/1/2014,8:00:00,19875,6/1/2014,8:24:00,19875,8:00:00,8:24:00
VTS,6/1/2014 8:00,6/1/2014 8:06,1,1.33,-73.978081,40.749817,1,,-73.98864,40.746307,CSH,7,0,0.5,0,0,7.5,6/1/2014,8:00:00,19875,6/1/2014,8:06:00,19875,8:00:00,8:06:00
VTS,6/1/2014 8:00,6/1/2014 8:17,5,3.76,-73.981674,40.766708,1,,-73.985023,40.72435,CRD,15,0,0.5,2.5,0,18,6/1/2014,8:00:00,19875,6/1/2014,8:17:00,19875,8:00:00,8:17:00
VTS,6/1/2014 8:00,6/1/2014 8:28,1,11.94,-73.982437,40.771526,1,,-73.865433,40.77079,CSH,36,0,0.5,0,5.3299999,41.830002,6/1/2014,8:00:00,19875,6/1/2014,8:28:00,19875,8:00:00,8:28:00
VTS,6/1/2014 8:00,6/1/2014 8:08,4,3.5799999,-73.982521,40.731403,1,,-73.95369,40.771149,CSH,11,0,0.5,0,0,11.5,6/1/2014,8:00:00,19875,6/1/2014,8:08:00,19875,8:00:00,8:08:00
VTS,6/1/2014 8:00,6/1/2014 8:22,1,10,-73.985451,40.761463,1,,-73.870499,40.773788,CSH,29.5,0,0.5,0,0,30,6/1/2014,8:00:00,19875,6/1/2014,8:22:00,19875,8:00:00,8:22:00
VTS,6/1/2014 8:00,6/1/2014 8:03,1,0.40000001,-73.985542,40.744553,1,,-73.989273,40.747791,CSH,4,0,0.5,0,0,4.5,6/1/2014,8:00:00,19875,6/1/2014,8:03:00,19875,8:00:00,8:03:00
VTS,6/1/2014 8:00,6/1/2014 8:07,1,2.1900001,-73.986198,40.758228,1,,-73.969437,40.785057,CRD,9,0,0.5,1.5,0,11,6/1/2014,8:00:00,19875,6/1/2014,8:07:00,19875,8:00:00,8:07:00
VTS,6/1/2014 8:00,6/1/2014 8:15,1,4.9000001,-73.986511,40.757702,1,,-74.014168,40.709793,CSH,17,0,0.5,0,0,17.5,6/1/2014,8:00:00,19875,6/1/2014,8:15:00,19875,8:00:00,8:15:00
VTS,6/1/2014 8:00,6/1/2014 8:19,1,3.8699999,-73.987381,40.729267,1,,-73.988464,40.733833,CSH,16.5,0,0.5,0,0,17,6/1/2014,8:00:00,19875,6/1/2014,8:19:00,19875,8:00:00,8:19:00
VTS,6/1/2014 8:00,6/1/2014 8:06,1,1.04,-73.988113,40.750072,1,,-74.002762,40.755253,CSH,6,0,0.5,0,0,6.5,6/1/2014,8:00:00,19875,6/1/2014,8:06:00,19875,8:00:00,8:06:00
VTS,6/1/2014 8:00,6/1/2014 8:04,1,0.93000001,-73.9897,40.733776,1,,-73.978172,40.737625,CSH,5,0,0.5,0,0,5.5,6/1/2014,8:00:00,19875,6/1/2014,8:04:00,19875,8:00:00,8:04:00
VTS,6/1/2014 8:00,6/1/2014 8:12,2,2.3299999,-73.990685,40.756107,1,,-73.976768,40.739113,CSH,10.5,0,0.5,0,0,11,6/1/2014,8:00:00,19875,6/1/2014,8:12:00,19875,8:00:00,8:12:00
VTS,6/1/2014 8:00,6/1/2014 8:06,1,2.01,-73.990768,40.751045,1,,-73.99855,40.726826,CSH,8,0,0.5,0,0,8.5,6/1/2014,8:00:00,19875,6/1/2014,8:06:00,19875,8:00:00,8:06:00
VTS,6/1/2014 8:00,6/1/2014 8:05,1,1.62,-73.991844,40.749813,1,,-73.9944,40.731396,CSH,7,0,0.5,0,0,7.5,6/1/2014,8:00:00,19875,6/1/2014,8:05:00,19875,8:00:00,8:05:00
VTS,6/1/2014 8:00,6/1/2014 8:17,1,9.3999996,-73.992027,40.742462,1,,-73.870445,40.773685,CSH,27,0,0.5,0,5.3299999,32.830002,6/1/2014,8:00:00,19875,6/1/2014,8:17:00,19875,8:00:00,8:17:00
VTS,6/1/2014 8:00,6/1/2014 8:07,5,2.1700001,-73.992065,40.759338,1,,-74.008369,40.733837,CSH,8.5,0,0.5,0,0,9,6/1/2014,8:00:00,19875,6/1/2014,8:07:00,19875,8:00:00,8:07:00
VTS,6/1/2014 8:00,6/1/2014 8:11,1,2.79,-73.992867,40.693657,1,,-74.00547,40.718006,CRD,11.5,0,0.5,2.3,0,14.3,6/1/2014,8:00:00,19875,6/1/2014,8:11:00,19875,8:00:00,8:11:00
VTS,6/1/2014 8:00,6/1/2014 8:03,1,1.23,-73.993935,40.761768,1,,-73.977432,40.763809,CSH,5.5,0,0.5,0,0,6,6/1/2014,8:00:00,19875,6/1/2014,8:03:00,19875,8:00:00,8:03:00
VTS,6/1/2014 8:00,6/1/2014 8:06,1,1.79,-73.994087,40.764889,1,,-73.971603,40.761322,CSH,7.5,0,0.5,0,0,8,6/1/2014,8:00:00,19875,6/1/2014,8:06:00,19875,8:00:00,8:06:00
VTS,6/1/2014 8:00,6/1/2014 8:07,6,1.85,-73.99469,40.750504,1,,-73.988472,40.76873,CSH,8,0,0.5,0,0,8.5,6/1/2014,8:00:00,19875,6/1/2014,8:07:00,19875,8:00:00,8:07:00
VTS,6/1/2014 8:00,6/1/2014 8:07,6,2.6400001,-73.9953,40.754921,1,,-74.009789,40.722477,CSH,9.5,0,0.5,0,0,10,6/1/2014,8:00:00,19875,6/1/2014,8:07:00,19875,8:00:00,8:07:00
VTS,6/1/2014 8:00,6/1/2014 8:01,1,0.49000001,-73.995789,40.759193,1,,-73.991753,40.764755,CSH,3.5,0,0.5,0,0,4,6/1/2014,8:00:00,19875,6/1/2014,8:01:00,19875,8:00:00,8:01:00
VTS,6/1/2014 8:00,6/1/2014 8:04,6,0.44999999,-73.997726,40.76519,1,,-73.991478,40.766289,CRD,4.5,0,0.5,5,0,10,6/1/2014,8:00:00,19875,6/1/2014,8:04:00,19875,8:00:00,8:04:00
VTS,6/1/2014 8:00,6/1/2014 8:17,1,7.1599998,-73.99929,40.687107,1,,-73.976662,40.764912,CRD,21,0,0.5,6.5799999,5.3299999,33.41,6/1/2014,8:00:00,19875,6/1/2014,8:17:00,19875,8:00:00,8:17:00
VTS,6/1/2014 8:00,6/1/2014 8:17,1,5.5599999,-74.004082,40.72385,1,,-73.95359,40.788151,CSH,18,0,0.5,0,0,18.5,6/1/2014,8:00:00,19875,6/1/2014,8:17:00,19875,8:00:00,8:17:00
VTS,6/1/2014 8:00,6/1/2014 8:16,1,10.88,-74.004219,40.722637,1,,-73.86161,40.768307,CRD,30.5,0,0.5,6.0999999,0,37.099998,6/1/2014,8:00:00,19875,6/1/2014,8:16:00,19875,8:00:00,8:16:00
VTS,6/1/2014 8:00,6/1/2014 8:10,5,3.5,-74.007584,40.740803,1,,-74.008324,40.704792,CRD,13.5,0,0.5,1,0,15,6/1/2014,8:00:00,19875,6/1/2014,8:10:00,19875,8:00:00,8:10:00
VTS,6/1/2014 8:00,6/1/2014 8:25,1,16.93,-74.015594,40.714272,1,,-73.865433,40.770748,CRD,45,0,0.5,10.07,5.3299999,60.900002,6/1/2014,8:00:00,19875,6/1/2014,8:25:00,19875,8:00:00,8:25:00
VTS,6/1/2014 8:00,6/1/2014 8:05,1,0.74000001,-74.016525,40.711246,1,,-74.010185,40.712269,CSH,5.5,0,0.5,0,0,6,6/1/2014,8:00:00,19875,6/1/2014,8:05:00,19875,8:00:00,8:05:00
CMT,6/1/2014 8:00,6/1/2014 8:05,1,0.80000001,-73.989647,40.734413,1,N,-73.991081,40.730148,CSH,6,0,0.5,0,0,6.5,6/1/2014,8:00:02,19875,6/1/2014,8:05:19,19875,8:00:02,8:05:19
CMT,6/1/2014 8:00,6/1/2014 8:04,1,1.4,-73.992485,40.749615,1,N,-73.978798,40.762737,CSH,6.5,0,0.5,0,0,7,6/1/2014,8:00:04,19875,6/1/2014,8:04:38,19875,8:00:04,8:04:38
CMT,6/1/2014 8:00,6/1/2014 8:08,2,1.5,-73.997719,40.765217,1,N,-73.991974,40.74963,CSH,8,0,0.5,0,0,8.5,6/1/2014,8:00:05,19875,6/1/2014,8:08:51,19875,8:00:05,8:08:51
CMT,6/1/2014 8:00,6/1/2014 8:03,1,0.80000001,-73.969116,40.798447,1,N,-73.970284,40.78896,CRD,4.5,0,0.5,1,0,6,6/1/2014,8:00:06,19875,6/1/2014,8:03:31,19875,8:00:06,8:03:31
CMT,6/1/2014 8:00,6/1/2014 8:08,1,1.7,-73.990097,40.733967,1,N,-73.988556,40.716457,CSH,8.5,0,0.5,0,0,9,6/1/2014,8:00:06,19875,6/1/2014,8:08:30,19875,8:00:06,8:08:30
CMT,6/1/2014 8:00,6/1/2014 8:10,3,3.4000001,-73.948914,40.77084,1,N,-73.918304,40.7962,CRD,13,0,0.5,2,5.3299999,20.83,6/1/2014,8:00:07,19875,6/1/2014,8:10:50,19875,8:00:07,8:10:50
CMT,6/1/2014 8:00,6/1/2014 8:14,1,6.1999998,-73.986137,40.746552,1,N,-73.987793,40.690788,CSH,19.5,0,0.5,0,0,20,6/1/2014,8:00:07,19875,6/1/2014,8:14:19,19875,8:00:07,8:14:19
CMT,6/1/2014 8:00,6/1/2014 8:26,2,11.8,-73.976288,40.739929,5,N,-73.970955,40.862202,CRD,45,0,0,3,9,57,6/1/2014,8:00:14,19875,6/1/2014,8:26:35,19875,8:00:14,8:26:35
CMT,6/1/2014 8:00,6/1/2014 8:23,4,5.5,-73.986099,40.75882,1,N,-74.012695,40.707767,CSH,21,0,0.5,0,0,21.5,6/1/2014,8:00:14,19875,6/1/2014,8:23:07,19875,8:00:14,8:23:07
CMT,6/1/2014 8:00,6/1/2014 8:21,4,6.5999999,-73.99781,40.765121,1,N,-73.891617,40.740582,CSH,22.5,0,0.5,0,0,23,6/1/2014,8:00:15,19875,6/1/2014,8:21:25,19875,8:00:15,8:21:25
CMT,6/1/2014 8:00,6/1/2014 8:05,1,1.2,-73.888161,40.768604,1,N,-73.908623,40.774696,CSH,6.5,0,0.5,0,0,7,6/1/2014,8:00:16,19875,6/1/2014,8:05:17,19875,8:00:16,8:05:17
CMT,6/1/2014 8:00,6/1/2014 8:06,3,1.1,-73.993156,40.743393,1,N,-73.991013,40.755699,CSH,6.5,0,0.5,0,0,7,6/1/2014,8:00:16,19875,6/1/2014,8:06:10,19875,8:00:16,8:06:10
CMT,6/1/2014 8:00,6/1/2014 8:08,1,1.8,-73.978622,40.772545,1,N,-73.955864,40.776104,CRD,8.5,0,0.5,1.8,0,10.8,6/1/2014,8:00:19,19875,6/1/2014,8:08:42,19875,8:00:19,8:08:42
CMT,6/1/2014 8:00,6/1/2014 8:10,1,2.8,-73.979637,40.743931,1,N,-73.952988,40.768944,CRD,11,0,0.5,1.5,0,13,6/1/2014,8:00:21,19875,6/1/2014,8:10:20,19875,8:00:21,8:10:20
CMT,6/1/2014 8:00,6/1/2014 8:36,2,27.5,-73.781906,40.644653,1,N,-73.985046,40.70377,NOC,72.5,0,0.5,0,0,73,6/1/2014,8:00:22,19875,6/1/2014,8:36:13,19875,8:00:22,8:36:13
CMT,6/1/2014 8:00,6/1/2014 8:06,1,2.5,-73.973244,40.754723,1,N,-73.951103,40.785992,CRD,9,0,0.5,1.9,0,11.4,6/1/2014,8:00:22,19875,6/1/2014,8:06:12,19875,8:00:22,8:06:12
CMT,6/1/2014 8:00,6/1/2014 8:09,1,2.5999999,-73.947311,40.747894,1,N,-73.960938,40.768188,CSH,10.5,0,0.5,0,0,11,6/1/2014,8:00:23,19875,6/1/2014,8:09:22,19875,8:00:23,8:09:22
CMT,6/1/2014 8:00,6/1/2014 8:08,1,2.2,-73.953064,40.782639,1,N,-73.974449,40.753925,CRD,8.5,0,0.5,1.8,0,10.8,6/1/2014,8:00:23,19875,6/1/2014,8:08:04,19875,8:00:23,8:08:04
CMT,6/1/2014 8:00,6/1/2014 8:20,1,5.6999998,-73.996162,40.744392,1,N,-73.965965,40.807037,CRD,20.5,0,0.5,5.25,0,26.25,6/1/2014,8:00:24,19875,6/1/2014,8:20:24,19875,8:00:24,8:20:24
CMT,6/1/2014 8:00,6/1/2014 8:10,1,2.7,-74.015343,40.707855,1,N,-73.992706,40.730713,CRD,11,0,0.5,1,0,12.5,6/1/2014,8:00:25,19875,6/1/2014,8:10:14,19875,8:00:25,8:10:14
CMT,6/1/2014 8:00,6/1/2014 8:10,1,1.7,-73.986092,40.74086,1,N,-74.008606,40.74551,CRD,9,0,0.5,1,0,10.5,6/1/2014,8:00:27,19875,6/1/2014,8:10:35,19875,8:00:27,8:10:35
CMT,6/1/2014 8:00,6/1/2014 8:04,1,0.80000001,-73.955544,40.779434,1,N,-73.964798,40.772446,CSH,5,0,0.5,0,0,5.5,6/1/2014,8:00:28,19875,6/1/2014,8:04:00,19875,8:00:28,8:04:00
CMT,6/1/2014 8:00,6/1/2014 8:10,1,2.2,-73.986702,40.733582,1,N,-73.987808,40.756248,CRD,10,0,0.5,1,0,11.5,6/1/2014,8:00:29,19875,6/1/2014,8:10:40,19875,8:00:29,8:10:40
CMT,6/1/2014 8:00,6/1/2014 8:21,1,8.3999996,-73.853539,40.727135,1,N,-73.976685,40.747654,CRD,26.5,0,0.5,6.4699998,5.3299999,38.799999,6/1/2014,8:00:32,19875,6/1/2014,8:21:28,19875,8:00:32,8:21:28
CMT,6/1/2014 8:00,6/1/2014 8:03,1,0.40000001,-73.953339,40.767509,1,N,-73.957718,40.771004,CRD,4,0,0.5,1.35,0,5.8499999,6/1/2014,8:00:32,19875,6/1/2014,8:03:09,19875,8:00:32,8:03:09
CMT,6/1/2014 8:00,6/1/2014 8:02,1,0.40000001,-73.979141,40.740421,1,N,-73.975487,40.741425,CRD,3.5,0,0.5,0.5,0,4.5,6/1/2014,8:00:32,19875,6/1/2014,8:02:13,19875,8:00:32,8:02:13
CMT,6/1/2014 8:00,6/1/2014 8:14,1,7.4000001,-73.783081,40.648426,1,N,-73.8396,40.718071,CRD,22,0,0.5,4.5,0,27,6/1/2014,8:00:34,19875,6/1/2014,8:14:26,19875,8:00:34,8:14:26
CMT,6/1/2014 8:00,6/1/2014 8:19,1,10.9,-73.862831,40.769066,1,N,-73.971649,40.75708,CRD,31,0,0.5,7.3600001,5.3299999,44.189999,6/1/2014,8:00:34,19875,6/1/2014,8:19:01,19875,8:00:34,8:19:01
CMT,6/1/2014 8:00,6/1/2014 8:27,1,18,-73.7901,40.646832,2,N,-73.980469,40.732212,CRD,52,0,0.5,10.5,0,63,6/1/2014,8:00:35,19875,6/1/2014,8:27:28,19875,8:00:35,8:27:28
CMT,6/1/2014 8:00,6/1/2014 8:20,1,8.1999998,-73.992805,40.763268,1,N,-73.987747,40.690708,NOC,26,0,0.5,0,0,26.5,6/1/2014,8:00:35,19875,6/1/2014,8:20:29,19875,8:00:35,8:20:29
CMT,6/1/2014 8:00,6/1/2014 8:24,1,17.200001,-73.789886,40.646809,2,N,-73.98558,40.757992,CSH,52,0,0.5,0,5.3299999,57.830002,6/1/2014,8:00:37,19875,6/1/2014,8:24:51,19875,8:00:37,8:24:51
CMT,6/1/2014 8:00,6/1/2014 8:04,1,0.69999999,-73.955528,40.779709,1,N,-73.964577,40.775646,CSH,5,0,0.5,0,0,5.5,6/1/2014,8:00:37,19875,6/1/2014,8:04:10,19875,8:00:37,8:04:10
CMT,6/1/2014 8:00,6/1/2014 8:11,2,2.3,-73.956932,40.800224,1,N,-73.980644,40.781509,CSH,11,0,0.5,0,0,11.5,6/1/2014,8:00:37,19875,6/1/2014,8:11:35,19875,8:00:37,8:11:35
CMT,6/1/2014 8:00,6/1/2014 8:04,1,1.2,-73.988342,40.764065,1,N,-73.994934,40.75008,CRD,6,0,0.5,1,0,7.5,6/1/2014,8:00:37,19875,6/1/2014,8:04:46,19875,8:00:37,8:04:46
CMT,6/1/2014 8:00,6/1/2014 8:05,1,1.6,-73.991722,40.722553,1,N,-73.981651,40.741047,CSH,6.5,0,0.5,0,0,7,6/1/2014,8:00:37,19875,6/1/2014,8:05:15,19875,8:00:37,8:05:15
CMT,6/1/2014 8:00,6/1/2014 8:07,1,1.5,-74.004883,40.741543,1,N,-73.998749,40.722885,CSH,7.5,0,0.5,0,0,8,6/1/2014,8:00:37,19875,6/1/2014,8:07:00,19875,8:00:37,8:07:00
CMT,6/1/2014 8:00,6/1/2014 8:05,1,1,-73.971977,40.794548,1,N,-73.962067,40.805134,CSH,6,0,0.5,0,0,6.5,6/1/2014,8:00:38,19875,6/1/2014,8:05:21,19875,8:00:38,8:05:21
CMT,6/1/2014 8:00,6/1/2014 8:28,1,18.700001,-73.782227,40.644722,2,N,-73.996605,40.711399,CSH,52,0,0.5,0,0,52.5,6/1/2014,8:00:39,19875,6/1/2014,8:28:48,19875,8:00:39,8:28:48
CMT,6/1/2014 8:00,6/1/2014 8:18,1,3.8,-73.914047,40.743641,1,N,-73.968079,40.762466,CSH,16,0,0.5,0,0,16.5,6/1/2014,8:00:39,19875,6/1/2014,8:18:22,19875,8:00:39,8:18:22
CMT,6/1/2014 8:00,6/1/2014 8:07,1,1.5,-73.988777,40.693531,1,N,-73.971451,40.685108,CRD,7.5,0,0.5,1.6,0,9.6000004,6/1/2014,8:00:39,19875,6/1/2014,8:07:29,19875,8:00:39,8:07:29
CMT,6/1/2014 8:00,6/1/2014 8:27,4,10.5,-73.997444,40.765289,1,N,-73.87352,40.774231,CSH,32,0,0.5,0,5.3299999,37.830002,6/1/2014,8:00:40,19875,6/1/2014,8:27:30,19875,8:00:40,8:27:30
CMT,6/1/2014 8:00,6/1/2014 8:03,1,1,-73.954666,40.769943,1,N,-73.952293,40.781429,CRD,5,0,0.5,1.1,0,6.5999999,6/1/2014,8:00:42,19875,6/1/2014,8:03:34,19875,8:00:42,8:03:34
CMT,6/1/2014 8:00,6/1/2014 8:09,1,1.7,-73.955353,40.780159,1,N,-73.96521,40.759712,CSH,8.5,0,0.5,0,0,9,6/1/2014,8:00:42,19875,6/1/2014,8:09:38,19875,8:00:42,8:09:38
CMT,6/1/2014 8:00,6/1/2014 8:06,1,1.2,-73.975662,40.751972,1,N,-73.971779,40.75996,CRD,6.5,0,0.5,1.4,0,8.3999996,6/1/2014,8:00:42,19875,6/1/2014,8:06:11,19875,8:00:42,8:06:11
CMT,6/1/2014 8:00,6/1/2014 8:19,1,10.3,-73.989738,40.733459,1,N,-73.864952,40.770428,CSH,29.5,0,0.5,0,5.3299999,35.330002,6/1/2014,8:00:42,19875,6/1/2014,8:19:16,19875,8:00:42,8:19:16
CMT,6/1/2014 8:00,6/1/2014 8:18,1,5.1999998,-73.986725,40.761887,1,N,-73.952682,40.803242,CSH,17.5,0,0.5,0,0,18,6/1/2014,8:00:44,19875,6/1/2014,8:18:12,19875,8:00:44,8:18:12
CMT,6/1/2014 8:00,6/1/2014 8:18,2,6.0999999,-73.993004,40.763233,1,N,-73.987556,40.690907,CSH,20,0,0.5,0,0,20.5,6/1/2014,8:00:44,19875,6/1/2014,8:18:36,19875,8:00:44,8:18:36
CMT,6/1/2014 8:00,6/1/2014 8:10,1,2.9000001,-73.969368,40.79805,1,N,-73.95771,40.769768,CRD,11,0,0.5,1,0,12.5,6/1/2014,8:00:45,19875,6/1/2014,8:10:19,19875,8:00:45,8:10:19
CMT,6/1/2014 8:00,6/1/2014 8:28,1,19.200001,-74.009171,40.711033,2,N,-73.782814,40.643978,CRD,52,0,0.5,10.5,0,63,6/1/2014,8:00:45,19875,6/1/2014,8:28:20,19875,8:00:45,8:28:20
CMT,6/1/2014 8:00,6/1/2014 8:06,1,1.3,-73.989586,40.73357,1,N,-73.978294,40.751427,CSH,7,0,0.5,0,0,7.5,6/1/2014,8:00:46,19875,6/1/2014,8:06:30,19875,8:00:46,8:06:30
CMT,6/1/2014 8:00,6/1/2014 8:08,1,1.4,-73.969574,40.693153,1,N,-73.942955,40.696102,CSH,7.5,0,0.5,0,0,8,6/1/2014,8:00:48,19875,6/1/2014,8:08:13,19875,8:00:48,8:08:13
CMT,6/1/2014 8:00,6/1/2014 8:02,1,0.80000001,-73.966049,40.794724,1,N,-73.974091,40.784725,CRD,4.5,0,0.5,1,0,6,6/1/2014,8:00:53,19875,6/1/2014,8:02:49,19875,8:00:53,8:02:49
CMT,6/1/2014 8:00,6/1/2014 8:07,1,0.80000001,-73.980225,40.76532,1,N,-73.9842,40.774654,CRD,6,0,0.5,2,0,8.5,6/1/2014,8:00:53,19875,6/1/2014,8:07:11,19875,8:00:53,8:07:11
CMT,6/1/2014 8:00,6/1/2014 8:34,2,20.6,-73.7901,40.646786,2,N,-74.008125,40.707672,CRD,52,0,0.5,11.55,5.3299999,69.379997,6/1/2014,8:00:55,19875,6/1/2014,8:34:25,19875,8:00:55,8:34:25
CMT,6/1/2014 8:00,6/1/2014 8:04,1,0.80000001,-73.98632,40.750248,1,N,-73.990189,40.740932,CRD,5,0,0.5,1.1,0,6.5999999,6/1/2014,8:00:55,19875,6/1/2014,8:04:16,19875,8:00:55,8:04:16
CMT,6/1/2014 8:00,6/1/2014 8:03,1,0.69999999,-73.992798,40.768772,1,N,-73.984955,40.779381,CSH,5,0,0.5,0,0,5.5,6/1/2014,8:00:56,19875,6/1/2014,8:03:54,19875,8:00:56,8:03:54
CMT,6/1/2014 8:00,6/1/2014 8:10,1,2.3,-73.954193,40.764198,1,N,-73.969109,40.785301,CRD,9.5,0,0.5,2,0,12,6/1/2014,8:00:59,19875,6/1/2014,8:10:31,19875,8:00:59,8:10:31
CMT,6/1/2014 8:00,6/1/2014 8:10,2,1.8,-73.981636,40.743816,1,N,-74.003174,40.756325,CSH,9,0,0.5,0,0,9.5,6/1/2014,8:00:59,19875,6/1/2014,8:10:50,19875,8:00:59,8:10:50
VTS,6/1/2014 8:01,6/1/2014 8:36,1,20.74,-73.782303,40.644657,2,,-73.976341,40.790909,CRD,52,0,0.5,11.47,5.3299999,69.300003,6/1/2014,8:01:00,19875,6/1/2014,8:36:00,19875,8:01:00,8:36:00
VTS,6/1/2014 8:01,6/1/2014 8:25,1,16.93,-73.789612,40.646832,2,,-73.986191,40.752193,CSH,52,0,0.5,0,5.3299999,57.830002,6/1/2014,8:01:00,19875,6/1/2014,8:25:00,19875,8:01:00,8:25:00
VTS,6/1/2014 8:01,6/1/2014 8:25,1,10.44,-73.870949,40.773754,1,,-74.002876,40.727089,CSH,31,0,0.5,0,5.3299999,36.830002,6/1/2014,8:01:00,19875,6/1/2014,8:25:00,19875,8:01:00,8:25:00
VTS,6/1/2014 8:01,6/1/2014 8:17,5,5.48,-73.91394,40.765266,1,,-73.988358,40.756874,CSH,18.5,0,0.5,0,0,19,6/1/2014,8:01:00,19875,6/1/2014,8:17:00,19875,8:01:00,8:17:00
VTS,6/1/2014 8:01,6/1/2014 8:10,1,1.6799999,-73.941879,40.79879,1,,-73.963142,40.794182,CSH,8,0,0.5,0,0,8.5,6/1/2014,8:01:00,19875,6/1/2014,8:10:00,19875,8:01:00,8:10:00
VTS,6/1/2014 8:01,6/1/2014 8:25,1,18.76,-73.945938,40.781498,2,,-73.783112,40.643871,CRD,52,0,0.5,11.47,5.3299999,69.300003,6/1/2014,8:01:00,19875,6/1/2014,8:25:00,19875,8:01:00,8:25:00
VTS,6/1/2014 8:01,6/1/2014 8:08,2,1.55,-73.94696,40.831455,1,,-73.957649,40.812939,CSH,7.5,0,0.5,0,0,8,6/1/2014,8:01:00,19875,6/1/2014,8:08:00,19875,8:01:00,8:08:00
VTS,6/1/2014 8:01,6/1/2014 8:07,1,1.8099999,-73.951637,40.769848,1,,-73.938309,40.791931,CSH,7.5,0,0.5,0,0,8,6/1/2014,8:01:00,19875,6/1/2014,8:07:00,19875,8:01:00,8:07:00
VTS,6/1/2014 8:01,6/1/2014 8:06,1,1.25,-73.951706,40.769886,1,,-73.965363,40.759193,CSH,6.5,0,0.5,0,0,7,6/1/2014,8:01:00,19875,6/1/2014,8:06:00,19875,8:01:00,8:06:00
VTS,6/1/2014 8:01,6/1/2014 8:10,5,3.73,-73.952911,40.776012,1,,-73.980499,40.730476,CSH,12,0,0.5,0,0,12.5,6/1/2014,8:01:00,19875,6/1/2014,8:10:00,19875,8:01:00,8:10:00
VTS,6/1/2014 8:01,6/1/2014 8:20,3,12.15,-73.953056,40.767986,1,,-74.0131,40.650425,CRD,33,0,0.5,1,0,34.5,6/1/2014,8:01:00,19875,6/1/2014,8:20:00,19875,8:01:00,8:20:00
VTS,6/1/2014 8:01,6/1/2014 8:18,5,3.03,-73.954712,40.767288,1,,-73.997063,40.767063,CSH,14,0,0.5,0,0,14.5,6/1/2014,8:01:00,19875,6/1/2014,8:18:00,19875,8:01:00,8:18:00
VTS,6/1/2014 8:01,6/1/2014 8:04,1,0.49000001,-73.955696,40.763988,1,,-73.963615,40.76696,CSH,4.5,0,0.5,0,0,5,6/1/2014,8:01:00,19875,6/1/2014,8:04:00,19875,8:01:00,8:04:00
VTS,6/1/2014 8:01,6/1/2014 8:04,1,1.16,-73.956856,40.766518,1,,-73.954575,40.779057,CSH,5,0,0.5,0,0,5.5,6/1/2014,8:01:00,19875,6/1/2014,8:04:00,19875,8:01:00,8:04:00
VTS,6/1/2014 8:01,6/1/2014 8:13,5,2.24,-73.957825,40.76976,1,,-73.986801,40.775776,CSH,10.5,0,0.5,0,0,11,6/1/2014,8:01:00,19875,6/1/2014,8:13:00,19875,8:01:00,8:13:00
VTS,6/1/2014 8:01,6/1/2014 8:07,6,1.9,-73.967224,40.756512,1,,-73.991547,40.750141,CRD,7.5,0,0.5,1.5,0,9.5,6/1/2014,8:01:00,19875,6/1/2014,8:07:00,19875,8:01:00,8:07:00
CMT,6/1/2014 8:01,6/1/2014 8:23,1,6.9000001,-73.968353,40.799603,1,N,-73.99102,40.729778,CSH,24,0,0.5,0,0,24.5,6/1/2014,8:01:00,19875,6/1/2014,8:23:32,19875,8:01:00,8:23:32
VTS,6/1/2014 8:01,6/1/2014 8:04,1,0.77999997,-73.971664,40.794983,1,,-73.963921,40.802925,CSH,4.5,0,0.5,0,0,5,6/1/2014,8:01:00,19875,6/1/2014,8:04:00,19875,8:01:00,8:04:00
VTS,6/1/2014 8:01,6/1/2014 8:06,3,1.47,-73.973007,40.744602,1,,-73.973206,40.759541,CSH,6.5,0,0.5,0,0,7,6/1/2014,8:01:00,19875,6/1/2014,8:06:00,19875,8:01:00,8:06:00
VTS,6/1/2014 8:01,6/1/2014 8:09,1,2.0899999,-73.973701,40.752804,1,,-73.980766,40.738491,CSH,8,0,0.5,0,0,8.5,6/1/2014,8:01:00,19875,6/1/2014,8:09:00,19875,8:01:00,8:09:00
VTS,6/1/2014 8:01,6/1/2014 8:06,1,1.02,-73.973778,40.791988,1,,-73.96756,40.803146,CRD,6,0,0.5,0.74000001,0,7.2399998,6/1/2014,8:01:00,19875,6/1/2014,8:06:00,19875,8:01:00,8:06:00
VTS,6/1/2014 8:01,6/1/2014 8:06,1,1.8,-73.974075,40.751438,1,,-73.955383,40.767502,CRD,7.5,0,0.5,1.5,0,9.5,6/1/2014,8:01:00,19875,6/1/2014,8:06:00,19875,8:01:00,8:06:00
VTS,6/1/2014 8:01,6/1/2014 8:19,2,16.23,-73.97554,40.745438,2,,-73.790352,40.646687,CSH,52,0,0.5,0,5.3299999,57.830002,6/1/2014,8:01:00,19875,6/1/2014,8:19:00,19875,8:01:00,8:19:00
VTS,6/1/2014 8:01,6/1/2014 8:06,2,4.21,-73.975594,40.797089,1,,-73.942886,40.847607,CSH,13,0,0.5,0,0,13.5,6/1/2014,8:01:00,19875,6/1/2014,8:06:00,19875,8:01:00,8:06:00
VTS,6/1/2014 8:01,6/1/2014 8:14,1,3.3,-73.975685,40.757305,1,,-74.003487,40.725208,CRD,13,0,0.5,2.5999999,0,16.1,6/1/2014,8:01:00,19875,6/1/2014,8:14:00,19875,8:01:00,8:14:00
CMT,6/1/2014 8:01,6/1/2014 8:04,1,0.89999998,-73.976341,40.75148,1,N,-73.978813,40.74094,CSH,5,0,0.5,0,0,5.5,6/1/2014,8:01:00,19875,6/1/2014,8:04:40,19875,8:01:00,8:04:40
VTS,6/1/2014 8:01,6/1/2014 8:04,1,0.88,-73.976913,40.751461,1,,0,0,CRD,4.5,0,0.5,1.35,0,6.3499999,6/1/2014,8:01:00,19875,6/1/2014,8:04:00,19875,8:01:00,8:04:00
VTS,6/1/2014 8:01,6/1/2014 8:11,2,2.6400001,-73.977547,40.72591,1,,-73.994644,40.749378,CRD,10.5,0,0.5,2.6199999,0,13.62,6/1/2014,8:01:00,19875,6/1/2014,8:11:00,19875,8:01:00,8:11:00
VTS,6/1/2014 8:01,6/1/2014 8:10,6,2.8199999,-73.977814,40.72934,1,,-73.989891,40.75687,CSH,10.5,0,0.5,0,0,11,6/1/2014,8:01:00,19875,6/1/2014,8:10:00,19875,8:01:00,8:10:00
VTS,6/1/2014 8:01,6/1/2014 8:06,1,1.2,-73.978531,40.758499,1,,-73.991974,40.749088,CSH,6,0,0.5,0,0,6.5,6/1/2014,8:01:00,19875,6/1/2014,8:06:00,19875,8:01:00,8:06:00
VTS,6/1/2014 8:01,6/1/2014 8:10,1,5.25,-73.979004,40.782333,1,,-73.941246,40.841759,CRD,16,0,0.5,1.75,0,18.25,6/1/2014,8:01:00,19875,6/1/2014,8:10:00,19875,8:01:00,8:10:00
VTS,6/1/2014 8:01,6/1/2014 8:02,2,0.28999999,-73.981247,40.737495,1,,-73.981247,40.737495,CSH,3,0,0.5,0,0,3.5,6/1/2014,8:01:00,19875,6/1/2014,8:02:00,19875,8:01:00,8:02:00
VTS,6/1/2014 8:01,6/1/2014 8:04,1,0.88999999,-73.981667,40.743176,1,,-73.993095,40.74147,CSH,5,0,0.5,0,0,5.5,6/1/2014,8:01:00,19875,6/1/2014,8:04:00,19875,8:01:00,8:04:00
VTS,6/1/2014 8:01,6/1/2014 8:20,1,5.4200001,-73.983543,40.730148,1,,-73.925499,40.757729,CSH,19,0,0.5,0,0,19.5,6/1/2014,8:01:00,19875,6/1/2014,8:20:00,19875,8:01:00,8:20:00
VTS,6/1/2014 8:01,6/1/2014 8:18,6,6.5599999,-73.983749,40.693539,1,,-73.984169,40.694851,CSH,21.5,0,0.5,0,0,22,6/1/2014,8:01:00,19875,6/1/2014,8:18:00,19875,8:01:00,8:18:00
VTS,6/1/2014 8:01,6/1/2014 8:18,5,9.4399996,-73.985512,40.756618,1,,-73.872597,40.774277,CRD,27.5,0,0.5,0,5.3299999,33.330002,6/1/2014,8:01:00,19875,6/1/2014,8:18:00,19875,8:01:00,8:18:00
VTS,6/1/2014 8:01,6/1/2014 8:04,1,0.50999999,-73.986908,40.739761,1,,-73.978493,40.737309,CSH,4.5,0,0.5,0,0,5,6/1/2014,8:01:00,19875,6/1/2014,8:04:00,19875,8:01:00,8:04:00
VTS,6/1/2014 8:01,6/1/2014 8:20,6,10.64,-73.987091,40.748783,1,,-73.976883,40.64912,CRD,30.5,0,0.5,6.0999999,0,37.099998,6/1/2014,8:01:00,19875,6/1/2014,8:20:00,19875,8:01:00,8:20:00
VTS,6/1/2014 8:01,6/1/2014 8:05,1,1.14,-73.99015,40.756641,1,,-73.983376,40.770962,CSH,6,0,0.5,0,0,6.5,6/1/2014,8:01:00,19875,6/1/2014,8:05:00,19875,8:01:00,8:05:00
VTS,6/1/2014 8:01,6/1/2014 8:11,1,2.24,-73.990166,40.756653,1,,-73.965401,40.769466,CSH,10,0,0.5,0,0,10.5,6/1/2014,8:01:00,19875,6/1/2014,8:11:00,19875,8:01:00,8:11:00
VTS,6/1/2014 8:01,6/1/2014 8:18,1,4.4200001,-73.990967,40.755894,1,,-74.007889,40.712288,CSH,17,0,0.5,0,0,17.5,6/1/2014,8:01:00,19875,6/1/2014,8:18:00,19875,8:01:00,8:18:00
VTS,6/1/2014 8:01,6/1/2014 8:07,2,1.55,-73.991531,40.749157,1,,-73.983253,40.73468,CRD,7.5,0,0.5,0,0,8,6/1/2014,8:01:00,19875,6/1/2014,8:07:00,19875,8:01:00,8:07:00
VTS,6/1/2014 8:01,6/1/2014 8:15,1,4.6999998,-73.991753,40.726543,1,,-73.9888,40.666271,CRD,16.5,0,0.5,3.3,0,20.299999,6/1/2014,8:01:00,19875,6/1/2014,8:15:00,19875,8:01:00,8:15:00
VTS,6/1/2014 8:01,6/1/2014 8:07,1,2.3,-73.993202,40.757729,1,,-74.004715,40.730461,CSH,8.5,0,0.5,0,0,9,6/1/2014,8:01:00,19875,6/1/2014,8:07:00,19875,8:01:00,8:07:00
VTS,6/1/2014 8:01,6/1/2014 8:08,1,2.2,-73.993256,40.737518,1,,-73.972824,40.754551,CRD,8.5,0,0.5,1.7,0,10.7,6/1/2014,8:01:00,19875,6/1/2014,8:08:00,19875,8:01:00,8:08:00
VTS,6/1/2014 8:01,6/1/2014 8:10,1,2.21,-73.993767,40.720772,1,,-73.991096,40.745522,CRD,9.5,0,0.5,1.9,0,11.9,6/1/2014,8:01:00,19875,6/1/2014,8:10:00,19875,8:01:00,8:10:00
VTS,6/1/2014 8:01,6/1/2014 8:06,3,1.4299999,-73.994156,40.751415,1,,-73.979492,40.762638,CRD,6.5,0,0.5,1.3,0,8.3000002,6/1/2014,8:01:00,19875,6/1/2014,8:06:00,19875,8:01:00,8:06:00
VTS,6/1/2014 8:01,6/1/2014 8:18,1,10.24,-73.99437,40.728264,1,,-73.872322,40.774307,CRD,29.5,0,0.5,5.9000001,0,35.900002,6/1/2014,8:01:00,19875,6/1/2014,8:18:00,19875,8:01:00,8:18:00
VTS,6/1/2014 8:01,6/1/2014 8:13,1,3.05,-73.995659,40.720905,1,,-73.971565,40.686729,CRD,12,0,0.5,2.4000001,0,14.9,6/1/2014,8:01:00,19875,6/1/2014,8:13:00,19875,8:01:00,8:13:00
VTS,6/1/2014 8:01,6/1/2014 8:04,1,1.5700001,-73.996849,40.737404,1,,-73.982834,40.756496,CSH,6,0,0.5,0,0,6.5,6/1/2014,8:01:00,19875,6/1/2014,8:04:00,19875,8:01:00,8:04:00
VTS,6/1/2014 8:01,6/1/2014 8:16,5,4.8000002,-74.008377,40.714474,1,,-73.995033,40.767708,CRD,17,0,0.5,3.4000001,0,20.9,6/1/2014,8:01:00,19875,6/1/2014,8:16:00,19875,8:01:00,8:16:00
CMT,6/1/2014 8:01,6/1/2014 8:09,1,4.4000001,-73.965698,40.792179,1,N,-73.944839,40.840832,CRD,14,0,0.5,1,0,15.5,6/1/2014,8:01:01,19875,6/1/2014,8:09:34,19875,8:01:01,8:09:34
CMT,6/1/2014 8:01,6/1/2014 8:13,1,3.5999999,-73.975082,40.790264,1,N,-73.9963,40.750141,CRD,13.5,0,0.5,2.8,0,16.799999,6/1/2014,8:01:01,19875,6/1/2014,8:13:46,19875,8:01:01,8:13:46
CMT,6/1/2014 8:01,6/1/2014 8:01,1,0,-73.964371,40.776642,1,N,-73.964424,40.77663,CSH,2.5,0,0.5,0,0,3,6/1/2014,8:01:02,19875,6/1/2014,8:01:18,19875,8:01:02,8:01:18
CMT,6/1/2014 8:01,6/1/2014 8:10,1,1.5,-73.978661,40.724419,1,N,-73.996346,40.713741,CSH,9,0,0.5,0,0,9.5,6/1/2014,8:01:03,19875,6/1/2014,8:10:56,19875,8:01:03,8:10:56
CMT,6/1/2014 8:01,6/1/2014 8:06,1,1.8,-73.990913,40.75071,1,N,-73.982925,40.772564,CSH,7.5,0,0.5,0,0,8,6/1/2014,8:01:03,19875,6/1/2014,8:06:55,19875,8:01:03,8:06:55
CMT,6/1/2014 8:01,6/1/2014 8:30,1,10.8,-73.930969,40.686989,1,N,-73.953568,40.785442,CRD,33.5,0,0.5,4,0,38,6/1/2014,8:01:05,19875,6/1/2014,8:30:27,19875,8:01:05,8:30:27
CMT,6/1/2014 8:01,6/1/2014 8:04,1,0.80000001,-73.997711,40.756771,1,N,-73.991608,40.749752,CSH,5,0,0.5,0,0,5.5,6/1/2014,8:01:06,19875,6/1/2014,8:04:42,19875,8:01:06,8:04:42
CMT,6/1/2014 8:01,6/1/2014 8:09,1,1.5,-74.009132,40.714474,1,N,-73.988014,40.718819,CRD,8,0,0.5,2.1199999,0,10.62,6/1/2014,8:01:06,19875,6/1/2014,8:09:28,19875,8:01:06,8:09:28
CMT,6/1/2014 8:01,6/1/2014 8:02,1,0.30000001,-73.968643,40.799061,1,N,-73.971672,40.794922,CRD,3,0,0.5,0.69999999,0,4.1999998,6/1/2014,8:01:07,19875,6/1/2014,8:02:23,19875,8:01:07,8:02:23
CMT,6/1/2014 8:01,6/1/2014 8:03,1,1.1,-73.973099,40.744202,1,N,-73.961838,40.756016,CSH,5.5,0,0.5,0,0,6,6/1/2014,8:01:07,19875,6/1/2014,8:03:49,19875,8:01:07,8:03:49
CMT,6/1/2014 8:01,6/1/2014 8:11,1,5.4000001,-73.973549,40.754765,1,N,-73.940605,40.81424,CSH,17,0,0.5,0,0,17.5,6/1/2014,8:01:07,19875,6/1/2014,8:11:34,19875,8:01:07,8:11:34
CMT,6/1/2014 8:01,6/1/2014 8:06,2,1.1,-73.971405,40.797962,1,N,-73.982887,40.784798,CRD,6.5,0,0.5,1.4,0,8.3999996,6/1/2014,8:01:08,19875,6/1/2014,8:06:57,19875,8:01:08,8:06:57
CMT,6/1/2014 8:01,6/1/2014 8:04,1,0.89999998,-73.955688,40.779243,1,N,-73.944397,40.784775,CSH,5.5,0,0.5,0,0,6,6/1/2014,8:01:09,19875,6/1/2014,8:04:46,19875,8:01:09,8:04:46
CMT,6/1/2014 8:01,6/1/2014 8:20,2,5.0999999,-73.989876,40.719238,1,N,-73.965195,40.770847,CRD,18.5,0,0.5,1,0,20,6/1/2014,8:01:09,19875,6/1/2014,8:20:48,19875,8:01:09,8:20:48
CMT,6/1/2014 8:01,6/1/2014 8:16,1,4.5999999,-73.962631,40.687183,1,N,-74.007324,40.73296,CSH,17,0,0.5,0,0,17.5,6/1/2014,8:01:10,19875,6/1/2014,8:16:36,19875,8:01:10,8:16:36
CMT,6/1/2014 8:01,6/1/2014 8:07,1,1.6,-73.968224,40.799969,1,N,-73.981873,40.779205,CRD,8,0,0.5,1.7,0,10.2,6/1/2014,8:01:11,19875,6/1/2014,8:07:42,19875,8:01:11,8:07:42
CMT,6/1/2014 8:01,6/1/2014 8:10,1,1.6,-73.972008,40.748863,1,N,-73.992508,40.749256,CRD,8.5,0,0.5,2.25,0,11.25,6/1/2014,8:01:11,19875,6/1/2014,8:10:38,19875,8:01:11,8:10:38
CMT,6/1/2014 8:01,6/1/2014 8:12,1,3.2,-73.955261,40.765507,1,N,-73.994507,40.750256,CRD,12.5,0,0.5,2.5999999,0,15.6,6/1/2014,8:01:12,19875,6/1/2014,8:12:55,19875,8:01:12,8:12:55
CMT,6/1/2014 8:01,6/1/2014 8:03,1,0.80000001,-73.978249,40.753078,1,N,-73.982422,40.759907,CRD,4.5,0,0.5,1.5,0,6.5,6/1/2014,8:01:12,19875,6/1/2014,8:03:52,19875,8:01:12,8:03:52
CMT,6/1/2014 8:01,6/1/2014 8:18,1,10.1,-73.989746,40.728695,1,N,-73.873398,40.7743,CSH,29,0,0.5,0,0,29.5,6/1/2014,8:01:12,19875,6/1/2014,8:18:08,19875,8:01:12,8:18:08
CMT,6/1/2014 8:01,6/1/2014 8:05,1,0.80000001,-73.996422,40.725246,1,N,-73.98262,40.720158,CSH,5.5,0,0.5,0,0,6,6/1/2014,8:01:13,19875,6/1/2014,8:05:30,19875,8:01:13,8:05:30
CMT,6/1/2014 8:01,6/1/2014 8:13,1,8.3000002,-73.944283,40.787937,1,N,-74.007355,40.704975,CRD,23.5,0,0.5,3,0,27,6/1/2014,8:01:20,19875,6/1/2014,8:13:53,19875,8:01:20,8:13:53
CMT,6/1/2014 8:01,6/1/2014 8:14,1,3.9000001,-73.95359,40.74419,1,N,-73.975563,40.752098,CRD,14,0,0.5,3.6199999,0,18.120001,6/1/2014,8:01:20,19875,6/1/2014,8:14:03,19875,8:01:20,8:14:03
CMT,6/1/2014 8:01,6/1/2014 8:05,1,0.69999999,-73.978294,40.752064,1,N,-73.981323,40.759346,CRD,5,0,0.5,1.1,0,6.5999999,6/1/2014,8:01:20,19875,6/1/2014,8:05:03,19875,8:01:20,8:05:03
CMT,6/1/2014 8:01,6/1/2014 8:12,1,2.5,-74.000671,40.675785,1,N,-73.977989,40.691864,CRD,10.5,0,0.5,2.75,0,13.75,6/1/2014,8:01:20,19875,6/1/2014,8:12:16,19875,8:01:20,8:12:16
CMT,6/1/2014 8:01,6/1/2014 8:02,1,0.2,-73.953995,40.770592,1,N,-73.952179,40.773029,CRD,3,0,0.5,0.5,0,4,6/1/2014,8:01:22,19875,6/1/2014,8:02:32,19875,8:01:22,8:02:32
CMT,6/1/2014 8:01,6/1/2014 8:12,1,1.8,-73.954758,40.763885,1,N,-73.982216,40.770046,CRD,9.5,0,0.5,3,0,13,6/1/2014,8:01:24,19875,6/1/2014,8:12:19,19875,8:01:24,8:12:19
CMT,6/1/2014 8:01,6/1/2014 8:06,2,1.6,-73.966728,40.793488,1,N,-73.981972,40.773075,CRD,6.5,0,0.5,1.4,0,8.3999996,6/1/2014,8:01:25,19875,6/1/2014,8:06:15,19875,8:01:25,8:06:15
CMT,6/1/2014 8:01,6/1/2014 8:28,2,13,-73.997765,40.766033,1,N,-73.971565,40.62822,CSH,38.5,0,0.5,0,0,39,6/1/2014,8:01:25,19875,6/1/2014,8:28:26,19875,8:01:25,8:28:26
CMT,6/1/2014 8:01,6/1/2014 8:05,1,1.7,-74.005356,40.728638,1,N,-73.99485,40.750111,CSH,6.5,0,0.5,0,0,7,6/1/2014,8:01:26,19875,6/1/2014,8:05:32,19875,8:01:26,8:05:32
CMT,6/1/2014 8:01,6/1/2014 8:12,1,3.3,-73.957855,40.801193,1,N,-73.97216,40.762848,CSH,12.5,0,0.5,0,0,13,6/1/2014,8:01:27,19875,6/1/2014,8:12:53,19875,8:01:27,8:12:53
CMT,6/1/2014 8:01,6/1/2014 8:11,1,3,-73.97551,40.776558,1,N,-73.966354,40.804028,CRD,11.5,0.5,0.5,0.5,0,13,6/1/2014,8:01:27,19875,6/1/2014,8:11:01,19875,8:01:27,8:11:01
CMT,6/1/2014 8:01,6/1/2014 8:06,4,1.3,-74.005737,40.748592,1,N,-73.988113,40.749512,CSH,6.5,0,0.5,0,0,7,6/1/2014,8:01:28,19875,6/1/2014,8:06:44,19875,8:01:28,8:06:44
CMT,6/1/2014 8:01,6/1/2014 8:16,1,4.8000002,-73.942596,40.786259,1,N,-73.982819,40.731346,CSH,16,0,0.5,0,0,16.5,6/1/2014,8:01:31,19875,6/1/2014,8:16:00,19875,8:01:31,8:16:00
CMT,6/1/2014 8:01,6/1/2014 8:07,1,1.2,-73.989716,40.767647,1,N,-73.971695,40.76339,CSH,6,0,0.5,0,0,6.5,6/1/2014,8:01:32,19875,6/1/2014,8:07:07,19875,8:01:32,8:07:07
CMT,6/1/2014 8:01,6/1/2014 8:04,1,0.69999999,-73.96936,40.763325,1,N,-73.967201,40.771805,CSH,4.5,0,0.5,0,0,5,6/1/2014,8:01:36,19875,6/1/2014,8:04:22,19875,8:01:36,8:04:22
CMT,6/1/2014 8:01,6/1/2014 8:05,1,0.60000002,-73.988655,40.777927,1,N,-73.980766,40.774815,CSH,5,0,0.5,0,0,5.5,6/1/2014,8:01:37,19875,6/1/2014,8:05:49,19875,8:01:37,8:05:49
CMT,6/1/2014 8:01,6/1/2014 8:21,1,5.6999998,-73.900223,40.768742,1,N,-73.96402,40.771206,CSH,20.5,0,0.5,0,0,21,6/1/2014,8:01:38,19875,6/1/2014,8:21:54,19875,8:01:38,8:21:54
CMT,6/1/2014 8:01,6/1/2014 8:04,1,1.2,-73.962395,40.795151,1,N,-73.959358,40.78302,CSH,5.5,0,0.5,0,0,6,6/1/2014,8:01:39,19875,6/1/2014,8:04:48,19875,8:01:39,8:04:48
CMT,6/1/2014 8:01,6/1/2014 8:04,1,0.40000001,-74.00177,40.755642,1,N,-73.994843,40.752655,CSH,4,0,0.5,0,0,4.5,6/1/2014,8:01:43,19875,6/1/2014,8:04:24,19875,8:01:43,8:04:24
CMT,6/1/2014 8:01,6/1/2014 8:07,1,0.80000001,-73.975616,40.776703,1,N,-73.988472,40.776562,CSH,6,0,0.5,0,0,6.5,6/1/2014,8:01:44,19875,6/1/2014,8:07:01,19875,8:01:44,8:07:01
CMT,6/1/2014 8:01,6/1/2014 8:09,3,1.6,-73.967087,40.756542,1,N,-73.990265,40.756767,CSH,8,0,0.5,0,0,8.5,6/1/2014,8:01:47,19875,6/1/2014,8:09:20,19875,8:01:47,8:09:20
CMT,6/1/2014 8:01,6/1/2014 8:05,1,1.1,-74.002884,40.739758,1,N,-74.001678,40.751499,CSH,5.5,0,0.5,0,0,6,6/1/2014,8:01:47,19875,6/1/2014,8:05:28,19875,8:01:47,8:05:28
CMT,6/1/2014 8:01,6/1/2014 8:26,1,8.1999998,-73.953964,40.771099,1,N,-73.926544,40.865742,CRD,27.5,0,0.5,2,0,30,6/1/2014,8:01:49,19875,6/1/2014,8:26:57,19875,8:01:49,8:26:57
CMT,6/1/2014 8:01,6/1/2014 8:08,1,1.1,-73.989937,40.757042,1,N,-73.974854,40.749874,CSH,7,0,0.5,0,0,7.5,6/1/2014,8:01:49,19875,6/1/2014,8:08:47,19875,8:01:49,8:08:47
CMT,6/1/2014 8:01,6/1/2014 8:08,1,1.5,-73.99942,40.718605,1,N,-74.001434,40.737247,CSH,7.5,0,0.5,0,0,8,6/1/2014,8:01:49,19875,6/1/2014,8:08:47,19875,8:01:49,8:08:47
CMT,6/1/2014 8:01,6/1/2014 8:08,1,2.0999999,-73.999496,40.74371,1,N,-73.979828,40.726963,CRD,8.5,0,0.5,1.5,0,10.5,6/1/2014,8:01:49,19875,6/1/2014,8:08:47,19875,8:01:49,8:08:47
CMT,6/1/2014 8:01,6/1/2014 8:03,1,0.89999998,-73.978836,40.740875,1,N,-73.986534,40.729977,CRD,4.5,0,0.5,1,0,6,6/1/2014,8:01:51,19875,6/1/2014,8:03:36,19875,8:01:51,8:03:36
CMT,6/1/2014 8:01,6/1/2014 8:18,3,5.8000002,-73.952583,40.7724,1,N,-73.915428,40.793484,CRD,18,0,0.5,3,5.3299999,26.83,6/1/2014,8:01:53,19875,6/1/2014,8:18:24,19875,8:01:53,8:18:24
CMT,6/1/2014 8:01,6/1/2014 8:04,1,1.1,-73.953918,40.778912,1,N,-73.942543,40.790611,CSH,5,0,0.5,0,0,5.5,6/1/2014,8:01:53,19875,6/1/2014,8:04:38,19875,8:01:53,8:04:38
CMT,6/1/2014 8:01,6/1/2014 8:05,1,1,-73.972404,40.794022,1,N,-73.965996,40.807953,CRD,5.5,0,0.5,1,0,7,6/1/2014,8:01:54,19875,6/1/2014,8:05:48,19875,8:01:54,8:05:48
CMT,6/1/2014 8:01,6/1/2014 8:04,1,0.89999998,-73.989258,40.756729,1,N,-73.978989,40.75843,CSH,5,0,0.5,0,0,5.5,6/1/2014,8:01:54,19875,6/1/2014,8:04:57,19875,8:01:54,8:04:57
CMT,6/1/2014 8:01,6/1/2014 8:26,1,9.8999996,-73.93055,40.752106,1,N,-73.997925,40.661346,CRD,31,0,0.5,0,0,31.5,6/1/2014,8:01:55,19875,6/1/2014,8:26:16,19875,8:01:55,8:26:16
CMT,6/1/2014 8:01,6/1/2014 8:04,1,0.89999998,-73.942696,40.794151,1,N,-73.93882,40.805138,CRD,4.5,0,0.5,1.25,0,6.25,6/1/2014,8:01:55,19875,6/1/2014,8:04:20,19875,8:01:55,8:04:20
CMT,6/1/2014 8:01,6/1/2014 8:21,2,10,-73.983002,40.73877,1,N,-73.865608,40.770889,CRD,29,0,0.5,6.96,5.3299999,41.790001,6/1/2014,8:01:55,19875,6/1/2014,8:21:08,19875,8:01:55,8:21:08
CMT,6/1/2014 8:01,6/1/2014 8:08,4,1.5,-73.997612,40.765202,1,N,-73.991272,40.750156,CSH,7,0,0.5,0,0,7.5,6/1/2014,8:01:56,19875,6/1/2014,8:08:38,19875,8:01:56,8:08:38
CMT,6/1/2014 8:01,6/1/2014 8:16,1,1.4,-73.972542,40.746235,1,N,-73.992325,40.757885,CSH,10.5,0,0.5,0,0,11,6/1/2014,8:01:57,19875,6/1/2014,8:16:15,19875,8:01:57,8:16:15
CMT,6/1/2014 8:01,6/1/2014 8:11,1,5.5999999,-73.971123,40.746967,1,N,-73.922363,40.79417,CSH,16.5,0,0.5,0,5.3299999,22.33,6/1/2014,8:01:58,19875,6/1/2014,8:11:02,19875,8:01:58,8:11:02
CMT,6/1/2014 8:01,6/1/2014 8:06,1,0.80000001,-73.969467,40.757694,1,N,-73.976715,40.765102,CSH,5.5,0,0.5,0,0,6,6/1/2014,8:01:59,19875,6/1/2014,8:06:23,19875,8:01:59,8:06:23
CMT,6/1/2014 8:01,6/1/2014 8:15,3,4.1999998,-74.00293,40.760288,1,N,-74.01429,40.702728,CSH,15.5,0,0.5,0,0,16,6/1/2014,8:01:59,19875,6/1/2014,8:15:01,19875,8:01:59,8:15:01
VTS,6/1/2014 8:02,6/1/2014 8:25,1,18.190001,-73.781418,40.644821,2,,-73.987953,40.719955,CRD,52,0,0.5,10.4,0,62.900002,6/1/2014,8:02:00,19875,6/1/2014,8:25:00,19875,8:02:00,8:25:00
VTS,6/1/2014 8:02,6/1/2014 8:27,1,18.450001,-73.783028,40.64423,2,,-73.986412,40.73386,CRD,52,0,0.5,11.47,5.3299999,69.300003,6/1/2014,8:02:00,19875,6/1/2014,8:27:00,19875,8:02:00,8:27:00
VTS,6/1/2014 8:02,6/1/2014 8:30,1,11.23,-73.7836,40.648483,1,,-73.957596,40.656631,CSH,35,0,0.5,0,0,35.5,6/1/2014,8:02:00,19875,6/1/2014,8:30:00,19875,8:02:00,8:30:00
VTS,6/1/2014 8:02,6/1/2014 8:20,2,12.72,-73.788094,40.641804,1,,-73.887619,40.766468,CRD,35,0,0.5,0,0,35.5,6/1/2014,8:02:00,19875,6/1/2014,8:20:00,19875,8:02:00,8:20:00
VTS,6/1/2014 8:02,6/1/2014 8:09,1,1.21,-73.911362,40.773548,1,,-73.896912,40.767162,CSH,7,0,0.5,0,0,7.5,6/1/2014,8:02:00,19875,6/1/2014,8:09:00,19875,8:02:00,8:09:00
VTS,6/1/2014 8:02,6/1/2014 8:05,1,0.93000001,-73.919403,40.743431,1,,-73.919128,40.754704,CSH,5,0,0.5,0,0,5.5,6/1/2014,8:02:00,19875,6/1/2014,8:05:00,19875,8:02:00,8:05:00
VTS,6/1/2014 8:02,6/1/2014 8:20,6,5.3400002,-73.922028,40.743763,1,,-73.988472,40.743248,CRD,18.5,0,0.5,4.6199999,0,23.620001,6/1/2014,8:02:00,19875,6/1/2014,8:20:00,19875,8:02:00,8:20:00
VTS,6/1/2014 8:02,6/1/2014 8:05,1,1.02,-73.946564,40.785198,1,,-73.956139,40.779835,CSH,5.5,0,0.5,0,0,6,6/1/2014,8:02:00,19875,6/1/2014,8:05:00,19875,8:02:00,8:05:00
VTS,6/1/2014 8:02,6/1/2014 8:12,1,3.7,-73.948792,40.770786,1,,-73.983643,40.743923,CRD,13,0,0.5,2.5999999,0,16.1,6/1/2014,8:02:00,19875,6/1/2014,8:12:00,19875,8:02:00,8:12:00
VTS,6/1/2014 8:02,6/1/2014 8:20,5,8.7399998,-73.952568,40.786602,1,,-74.009659,40.704006,CRD,26.5,0,0.5,5.3000002,0,32.299999,6/1/2014,8:02:00,19875,6/1/2014,8:20:00,19875,8:02:00,8:20:00
VTS,6/1/2014 8:02,6/1/2014 8:12,1,2.97,-73.956055,40.768761,1,,-73.991051,40.750721,CRD,11.5,0,0.5,1.5,0,13.5,6/1/2014,8:02:00,19875,6/1/2014,8:12:00,19875,8:02:00,8:12:00
VTS,6/1/2014 8:02,6/1/2014 8:06,2,0.86000001,-73.956436,40.801487,1,,-73.94416,40.795486,CSH,5.5,0,0.5,0,0,6,6/1/2014,8:02:00,19875,6/1/2014,8:06:00,19875,8:02:00,8:06:00
VTS,6/1/2014 8:02,6/1/2014 8:24,1,4.54,-73.956635,40.748001,1,,-73.90815,40.755314,CSH,18,0,0.5,0,0,18.5,6/1/2014,8:02:00,19875,6/1/2014,8:24:00,19875,8:02:00,8:24:00
VTS,6/1/2014 8:02,6/1/2014 8:09,1,2.25,-73.956924,40.776577,1,,-73.944489,40.800598,CRD,8.5,0,0.5,2.1199999,0,11.12,6/1/2014,8:02:00,19875,6/1/2014,8:09:00,19875,8:02:00,8:09:00
VTS,6/1/2014 8:02,6/1/2014 8:02,1,0,-73.957832,40.800663,1,,0,0,CSH,2.5,0,0.5,0,0,3,6/1/2014,8:02:00,19875,6/1/2014,8:02:00,19875,8:02:00,8:02:00
VTS,6/1/2014 8:02,6/1/2014 8:15,5,2.4300001,-73.958298,40.760437,1,,-73.990486,40.756321,CSH,11,0,0.5,0,0,11.5,6/1/2014,8:02:00,19875,6/1/2014,8:15:00,19875,8:02:00,8:15:00
VTS,6/1/2014 8:02,6/1/2014 8:12,1,4.0300002,-73.958839,40.768299,1,,-73.92614,40.77177,CRD,13.5,0,0.5,1.5,0,15.5,6/1/2014,8:02:00,19875,6/1/2014,8:12:00,19875,8:02:00,8:12:00
VTS,6/1/2014 8:02,6/1/2014 8:12,1,2.71,-73.959053,40.771622,1,,-73.99044,40.756176,CSH,10.5,0,0.5,0,0,11,6/1/2014,8:02:00,19875,6/1/2014,8:12:00,19875,8:02:00,8:12:00
VTS,6/1/2014 8:02,6/1/2014 8:26,1,7.7199998,-73.960236,40.7621,1,,-73.865433,40.770733,CRD,26,0,0.5,5.1999998,0,31.700001,6/1/2014,8:02:00,19875,6/1/2014,8:26:00,19875,8:02:00,8:26:00
VTS,6/1/2014 8:02,6/1/2014 8:09,1,1.99,-73.960403,40.775566,1,,-73.981483,40.758034,CRD,8.5,0,0.5,2,0,11,6/1/2014,8:02:00,19875,6/1/2014,8:09:00,19875,8:02:00,8:09:00
VTS,6/1/2014 8:02,6/1/2014 8:06,2,0.54000002,-73.961761,40.765415,1,,-73.968513,40.765728,CSH,4.5,0,0.5,0,0,5,6/1/2014,8:02:00,19875,6/1/2014,8:06:00,19875,8:02:00,8:06:00
VTS,6/1/2014 8:02,6/1/2014 8:03,1,0.41,-73.961876,40.760323,1,,-73.958237,40.764507,CSH,3.5,0,0.5,0,0,4,6/1/2014,8:02:00,19875,6/1/2014,8:03:00,19875,8:02:00,8:03:00
VTS,6/1/2014 8:02,6/1/2014 8:16,1,2.73,-73.962929,40.769436,1,,-73.989624,40.752579,CRD,12,0,0.5,2.4000001,0,14.9,6/1/2014,8:02:00,19875,6/1/2014,8:16:00,19875,8:02:00,8:16:00
VTS,6/1/2014 8:02,6/1/2014 8:15,5,3.9000001,-73.963753,40.765469,1,,-73.982758,40.727322,CSH,14.5,0,0.5,0,0,15,6/1/2014,8:02:00,19875,6/1/2014,8:15:00,19875,8:02:00,8:15:00
VTS,6/1/2014 8:02,6/1/2014 8:12,6,2.6400001,-73.96505,40.769165,1,,-73.993584,40.750324,CSH,10.5,0,0.5,0,0,11,6/1/2014,8:02:00,19875,6/1/2014,8:12:00,19875,8:02:00,8:12:00
VTS,6/1/2014 8:02,6/1/2014 8:09,3,1.88,-73.971283,40.756847,1,,-73.991455,40.744225,CRD,8,0,0.5,1.6,0,10.1,6/1/2014,8:02:00,19875,6/1/2014,8:09:00,19875,8:02:00,8:09:00
VTS,6/1/2014 8:02,6/1/2014 8:05,1,0.93000001,-73.974098,40.750656,1,,-73.989967,40.757191,CSH,5,0,0.5,0,0,5.5,6/1/2014,8:02:00,19875,6/1/2014,8:05:00,19875,8:02:00,8:05:00
VTS,6/1/2014 8:02,6/1/2014 8:29,1,17.1,-73.97831,40.766567,2,,-73.784805,40.643242,CRD,52,0,0.5,10,0,62.5,6/1/2014,8:02:00,19875,6/1/2014,8:29:00,19875,8:02:00,8:29:00
VTS,6/1/2014 8:02,6/1/2014 8:11,1,2.53,-73.978493,40.772701,1,,-73.980064,40.74604,CRD,10,0,0.5,1,0,11.5,6/1/2014,8:02:00,19875,6/1/2014,8:11:00,19875,8:02:00,8:11:00
VTS,6/1/2014 8:02,6/1/2014 8:15,1,8.5299997,-73.979019,40.745972,1,,-73.871727,40.774384,CSH,24,0,0.5,0,5.3299999,29.83,6/1/2014,8:02:00,19875,6/1/2014,8:15:00,19875,8:02:00,8:15:00
VTS,6/1/2014 8:02,6/1/2014 8:06,1,1.22,-73.979195,40.762402,1,,-73.991547,40.749981,CSH,5.5,0,0.5,0,0,6,6/1/2014,8:02:00,19875,6/1/2014,8:06:00,19875,8:02:00,8:06:00
VTS,6/1/2014 8:02,6/1/2014 8:08,1,1.0599999,-73.979927,40.751431,1,,-73.992332,40.749763,CSH,6.5,0,0.5,0,0,7,6/1/2014,8:02:00,19875,6/1/2014,8:08:00,19875,8:02:00,8:08:00
VTS,6/1/2014 8:02,6/1/2014 8:06,2,0.61000001,-73.981361,40.759243,1,,-73.990677,40.761124,CSH,5,0,0.5,0,0,5.5,6/1/2014,8:02:00,19875,6/1/2014,8:06:00,19875,8:02:00,8:06:00
VTS,6/1/2014 8:02,6/1/2014 8:18,3,4.9400001,-73.981903,40.765114,1,,-74.01371,40.702358,CSH,17,0,0.5,0,0,17.5,6/1/2014,8:02:00,19875,6/1/2014,8:18:00,19875,8:02:00,8:18:00
VTS,6/1/2014 8:02,6/1/2014 8:04,1,0.50999999,-73.981987,40.740601,1,,-73.980293,40.745857,CSH,3.5,0,0.5,0,0,4,6/1/2014,8:02:00,19875,6/1/2014,8:04:00,19875,8:02:00,8:04:00
VTS,6/1/2014 8:02,6/1/2014 8:04,5,0.68000001,-73.982178,40.75235,1,,-73.987404,40.744495,CRD,4.5,0,0.5,1.65,0,6.6500001,6/1/2014,8:02:00,19875,6/1/2014,8:04:00,19875,8:02:00,8:04:00
VTS,6/1/2014 8:02,6/1/2014 8:08,1,1.88,-73.982559,40.748436,1,,-73.966331,40.771786,CRD,7.5,0,0.5,2.25,0,10.25,6/1/2014,8:02:00,19875,6/1/2014,8:08:00,19875,8:02:00,8:08:00
VTS,6/1/2014 8:02,6/1/2014 8:09,5,2.03,-73.982567,40.767578,1,,-73.993019,40.74295,CSH,8,0,0.5,0,0,8.5,6/1/2014,8:02:00,19875,6/1/2014,8:09:00,19875,8:02:00,8:09:00
VTS,6/1/2014 8:02,6/1/2014 8:08,5,1.37,-73.984383,40.77383,1,,-73.966156,40.763649,CRD,7,0,0.5,1,0,8.5,6/1/2014,8:02:00,19875,6/1/2014,8:08:00,19875,8:02:00,8:08:00
VTS,6/1/2014 8:02,6/1/2014 8:16,6,3.3599999,-73.984665,40.764713,1,,-73.951416,40.802715,CSH,13.5,0,0.5,0,0,14,6/1/2014,8:02:00,19875,6/1/2014,8:16:00,19875,8:02:00,8:16:00
VTS,6/1/2014 8:02,6/1/2014 8:05,1,0.99000001,-73.985062,40.769009,1,,-73.994766,40.759212,CRD,5,0,0.5,1,0,6.5,6/1/2014,8:02:00,19875,6/1/2014,8:05:00,19875,8:02:00,8:05:00
VTS,6/1/2014 8:02,6/1/2014 8:07,2,0.79000002,-73.985764,40.760609,1,,-73.995804,40.764359,CSH,5.5,0,0.5,0,0,6,6/1/2014,8:02:00,19875,6/1/2014,8:07:00,19875,8:02:00,8:07:00
VTS,6/1/2014 8:02,6/1/2014 8:23,6,10.29,-73.986069,40.759853,1,,-73.870949,40.773968,CRD,30,0,0.5,6,0,36.5,6/1/2014,8:02:00,19875,6/1/2014,8:23:00,19875,8:02:00,8:23:00
VTS,6/1/2014 8:02,6/1/2014 8:06,1,1.29,-73.986145,40.750084,1,,-73.975739,40.766018,CRD,5.5,0,0.5,1,0,7,6/1/2014,8:02:00,19875,6/1/2014,8:06:00,19875,8:02:00,8:06:00
CMT,6/1/2014 8:02,6/1/2014 8:04,1,0.5,-73.986465,40.761742,1,N,-73.995995,40.76564,CSH,4,0,0.5,0,0,4.5,6/1/2014,8:02:00,19875,6/1/2014,8:04:22,19875,8:02:00,8:04:22
VTS,6/1/2014 8:02,6/1/2014 8:13,5,3.27,-73.987762,40.759804,1,,-73.950951,40.782875,CSH,12,0,0.5,0,0,12.5,6/1/2014,8:02:00,19875,6/1/2014,8:13:00,19875,8:02:00,8:13:00
VTS,6/1/2014 8:02,6/1/2014 8:09,1,1.51,-73.988052,40.769989,1,,-73.99131,40.757729,CRD,8,0,0.5,1.6,0,10.1,6/1/2014,8:02:00,19875,6/1/2014,8:09:00,19875,8:02:00,8:09:00
VTS,6/1/2014 8:02,6/1/2014 8:07,1,0.88,-73.989052,40.757469,1,,-73.98587,40.749184,CSH,5.5,0,0.5,0,0,6,6/1/2014,8:02:00,19875,6/1/2014,8:07:00,19875,8:02:00,8:07:00
VTS,6/1/2014 8:02,6/1/2014 8:05,1,0.86000001,-73.99131,40.734966,1,,-74.004723,40.740768,CSH,5,0,0.5,0,0,5.5,6/1/2014,8:02:00,19875,6/1/2014,8:05:00,19875,8:02:00,8:05:00
VTS,6/1/2014 8:02,6/1/2014 8:09,1,1.48,-73.992012,40.735416,1,,-74.005615,40.748436,CSH,7.5,0,0.5,0,0,8,6/1/2014,8:02:00,19875,6/1/2014,8:09:00,19875,8:02:00,8:09:00
VTS,6/1/2014 8:02,6/1/2014 8:11,2,2.4000001,-73.995262,40.759884,1,,-73.982224,40.738426,CRD,9.5,0,0.5,1,0,11,6/1/2014,8:02:00,19875,6/1/2014,8:11:00,19875,8:02:00,8:11:00
VTS,6/1/2014 8:02,6/1/2014 8:09,2,1.23,-73.995613,40.749393,1,,-73.975594,40.741444,CSH,6.5,0,0.5,0,0,7,6/1/2014,8:02:00,19875,6/1/2014,8:09:00,19875,8:02:00,8:09:00
VTS,6/1/2014 8:02,6/1/2014 8:08,1,0.99000001,-73.996681,40.732201,1,,-74.011208,40.728271,CSH,6.5,0,0.5,0,0,7,6/1/2014,8:02:00,19875,6/1/2014,8:08:00,19875,8:02:00,8:08:00
VTS,6/1/2014 8:02,6/1/2014 8:05,1,0.81999999,-73.997902,40.751236,1,,-73.997841,40.758152,CSH,4.5,0,0.5,0,0,5,6/1/2014,8:02:00,19875,6/1/2014,8:05:00,19875,8:02:00,8:05:00
VTS,6/1/2014 8:02,6/1/2014 8:17,2,3.6600001,-73.99794,40.765663,1,,-73.978058,40.730698,CSH,14.5,0,0.5,0,0,15,6/1/2014,8:02:00,19875,6/1/2014,8:17:00,19875,8:02:00,8:17:00
VTS,6/1/2014 8:02,6/1/2014 8:28,1,9.7700005,-73.997948,40.765091,1,,-73.88549,40.773193,CSH,30,0,0.5,0,5.3299999,35.830002,6/1/2014,8:02:00,19875,6/1/2014,8:28:00,19875,8:02:00,8:28:00
VTS,6/1/2014 8:02,6/1/2014 8:09,1,1.71,-74.000053,40.738529,1,,-74.007797,40.723469,CRD,7.5,0,0.5,0,0,8,6/1/2014,8:02:00,19875,6/1/2014,8:09:00,19875,8:02:00,8:09:00
VTS,6/1/2014 8:02,6/1/2014 8:07,1,1.53,-74.002579,40.739761,1,,-74.001968,40.755836,CRD,7,0,0.5,1.4,0,8.8999996,6/1/2014,8:02:00,19875,6/1/2014,8:07:00,19875,8:02:00,8:07:00
VTS,6/1/2014 8:02,6/1/2014 8:20,3,10.2,-74.003624,40.715675,1,,-73.87101,40.774193,CRD,29.5,0,0.5,5.9000001,0,35.900002,6/1/2014,8:02:00,19875,6/1/2014,8:20:00,19875,8:02:00,8:20:00
VTS,6/1/2014 8:02,6/1/2014 8:06,1,0.81999999,-74.003899,40.748314,1,,-73.9916,40.742355,CRD,5.5,0,0.5,1.1,0,7.0999999,6/1/2014,8:02:00,19875,6/1/2014,8:06:00,19875,8:02:00,8:06:00
CMT,6/1/2014 8:02,6/1/2014 8:10,1,3.4000001,-73.954689,40.773891,1,N,-73.982483,40.731205,CRD,11.5,0,0.5,2.4000001,0,14.4,6/1/2014,8:02:01,19875,6/1/2014,8:10:01,19875,8:02:01,8:10:01
CMT,6/1/2014 8:02,6/1/2014 8:10,1,1.7,-73.973099,40.786854,1,N,-73.955116,40.770794,CRD,8.5,0,0.5,1.8,0,10.8,6/1/2014,8:02:01,19875,6/1/2014,8:10:33,19875,8:02:01,8:10:33
CMT,6/1/2014 8:02,6/1/2014 8:04,2,0.69999999,-73.987518,40.691776,1,N,-73.982994,40.698483,CSH,4,0,0.5,0,0,4.5,6/1/2014,8:02:01,19875,6/1/2014,8:04:20,19875,8:02:01,8:04:20
CMT,6/1/2014 8:02,6/1/2014 8:09,1,3.3,-73.980972,40.733498,1,N,-73.950066,40.7761,NOC,11,0,0.5,0,0,11.5,6/1/2014,8:02:02,19875,6/1/2014,8:09:29,19875,8:02:02,8:09:29
CMT,6/1/2014 8:02,6/1/2014 8:11,1,3.7,-73.978157,40.786442,1,N,-74.008858,40.745495,CSH,13,0,0.5,0,0,13.5,6/1/2014,8:02:04,19875,6/1/2014,8:11:54,19875,8:02:04,8:11:54
CMT,6/1/2014 8:02,6/1/2014 8:08,1,1.9,-73.990417,40.761536,1,N,-73.964981,40.763733,CRD,7.5,0,0.5,2,0,10,6/1/2014,8:02:04,19875,6/1/2014,8:08:23,19875,8:02:04,8:08:23
CMT,6/1/2014 8:02,6/1/2014 8:10,1,3.5,-73.938782,40.750301,1,N,-73.983963,40.739059,CRD,12,0,0.5,1,0,13.5,6/1/2014,8:02:05,19875,6/1/2014,8:10:18,19875,8:02:05,8:10:18
CMT,6/1/2014 8:02,6/1/2014 8:22,1,17.6,-73.986549,40.734509,2,N,-73.77681,40.644684,CRD,52,0,0.5,13,5.3299999,70.830002,6/1/2014,8:02:05,19875,6/1/2014,8:22:48,19875,8:02:05,8:22:48
CMT,6/1/2014 8:02,6/1/2014 8:08,1,1.1,-73.987122,40.750858,1,N,-74.003365,40.75552,CRD,6.5,0,0.5,1.4,0,8.3999996,6/1/2014,8:02:05,19875,6/1/2014,8:08:27,19875,8:02:05,8:08:27
CMT,6/1/2014 8:02,6/1/2014 8:19,1,3.0999999,-73.971024,40.758923,1,N,-73.983574,40.783695,CRD,14.5,0,0.5,3,0,18,6/1/2014,8:02:06,19875,6/1/2014,8:19:31,19875,8:02:06,8:19:31
CMT,6/1/2014 8:02,6/1/2014 8:11,1,5,-73.942917,40.837074,1,N,-73.97654,40.785606,CRD,16,0,0.5,3.3,0,19.799999,6/1/2014,8:02:07,19875,6/1/2014,8:11:51,19875,8:02:07,8:11:51
CMT,6/1/2014 8:02,6/1/2014 8:03,1,0,-73.781914,40.644726,1,N,-73.781776,40.64481,CSH,2.5,0,0.5,0,0,3,6/1/2014,8:02:08,19875,6/1/2014,8:03:18,19875,8:02:08,8:03:18
CMT,6/1/2014 8:02,6/1/2014 8:23,1,6.8000002,-73.976532,40.765259,1,N,-73.91053,40.821411,CSH,23,0,0.5,0,0,23.5,6/1/2014,8:02:09,19875,6/1/2014,8:23:46,19875,8:02:09,8:23:46
CMT,6/1/2014 8:02,6/1/2014 8:05,2,0.30000001,-73.983788,40.780861,1,N,-73.981812,40.777058,CSH,4,0,0.5,0,0,4.5,6/1/2014,8:02:09,19875,6/1/2014,8:05:30,19875,8:02:09,8:05:30
CMT,6/1/2014 8:02,6/1/2014 8:10,1,2.7,-73.969055,40.761143,1,N,-73.993378,40.727936,CRD,10,0,0.5,2.0999999,0,12.6,6/1/2014,8:02:11,19875,6/1/2014,8:10:22,19875,8:02:11,8:10:22
CMT,6/1/2014 8:02,6/1/2014 8:13,2,6.3000002,-73.972977,40.755108,1,N,-74.013138,40.709385,CSH,18.5,0,0.5,0,0,19,6/1/2014,8:02:11,19875,6/1/2014,8:13:18,19875,8:02:11,8:13:18
CMT,6/1/2014 8:02,6/1/2014 8:14,1,2.4000001,-73.954964,40.765408,1,N,-73.988205,40.779259,CRD,11,0,0.5,2.3,0,13.8,6/1/2014,8:02:12,19875,6/1/2014,8:14:14,19875,8:02:12,8:14:14
CMT,6/1/2014 8:02,6/1/2014 8:09,2,1.9,-73.999458,40.731174,1,N,-73.991661,40.749859,CRD,8.5,0,0.5,1.8,0,10.8,6/1/2014,8:02:12,19875,6/1/2014,8:09:43,19875,8:02:12,8:09:43
CMT,6/1/2014 8:02,6/1/2014 8:11,1,1.7,-73.974884,40.75016,1,N,-73.993118,40.756344,CSH,8.5,0,0.5,0,0,9,6/1/2014,8:02:13,19875,6/1/2014,8:11:57,19875,8:02:13,8:11:57
CMT,6/1/2014 8:02,6/1/2014 8:08,1,2.2,-73.999336,40.738525,1,N,-73.996689,40.762646,CRD,8.5,0,0.5,1,0,10,6/1/2014,8:02:13,19875,6/1/2014,8:08:10,19875,8:02:13,8:08:10
CMT,6/1/2014 8:02,6/1/2014 8:23,1,9.1999998,-73.862808,40.76878,1,N,-73.962639,40.794525,CRD,28,0,0.5,6.75,5.3299999,40.580002,6/1/2014,8:02:14,19875,6/1/2014,8:23:41,19875,8:02:14,8:23:41
CMT,6/1/2014 8:02,6/1/2014 8:09,1,2.0999999,-73.951515,40.769917,1,N,-73.949036,40.794266,CRD,9,0,0.5,1,0,10.5,6/1/2014,8:02:14,19875,6/1/2014,8:09:47,19875,8:02:14,8:09:47
CMT,6/1/2014 8:02,6/1/2014 8:13,1,5.9000001,-73.954109,40.764137,1,N,-74.007011,40.705791,CRD,18,0,0.5,1,0,19.5,6/1/2014,8:02:14,19875,6/1/2014,8:13:33,19875,8:02:14,8:13:33
CMT,6/1/2014 8:02,6/1/2014 8:09,1,2.8,-73.992912,40.749619,1,N,-73.995743,40.716919,CSH,10,0,0.5,0,0,10.5,6/1/2014,8:02:17,19875,6/1/2014,8:09:41,19875,8:02:17,8:09:41
CMT,6/1/2014 8:02,6/1/2014 8:13,1,5.5999999,-73.944939,40.834217,1,N,-73.978439,40.772774,CRD,17.5,0,0.5,3.5999999,0,21.6,6/1/2014,8:02:18,19875,6/1/2014,8:13:11,19875,8:02:18,8:13:11
CMT,6/1/2014 8:02,6/1/2014 8:12,1,3.9000001,-73.998436,40.68396,1,N,-73.99588,40.71619,CRD,13.5,0,0.5,1,0,15,6/1/2014,8:02:19,19875,6/1/2014,8:12:11,19875,8:02:19,8:12:11
CMT,6/1/2014 8:02,6/1/2014 8:12,1,2.5999999,-73.978363,40.778152,1,N,-73.944977,40.778801,CSH,10.5,0,0.5,0,0,11,6/1/2014,8:02:23,19875,6/1/2014,8:12:24,19875,8:02:23,8:12:24
CMT,6/1/2014 8:02,6/1/2014 8:02,1,0,-73.987625,40.745712,1,N,-73.98774,40.745682,DIS,2.5,0,0.5,0,0,3,6/1/2014,8:02:24,19875,6/1/2014,8:02:48,19875,8:02:24,8:02:48
CMT,6/1/2014 8:02,6/1/2014 8:09,1,3.3,-73.979828,40.734978,1,N,-73.949394,40.776695,CRD,10.5,0,0.5,2,0,13,6/1/2014,8:02:26,19875,6/1/2014,8:09:20,19875,8:02:26,8:09:20
CMT,6/1/2014 8:02,6/1/2014 8:07,1,1.2,-73.981018,40.782364,1,N,-73.981712,40.765987,CRD,6.5,0,0.5,2,0,9,6/1/2014,8:02:26,19875,6/1/2014,8:07:41,19875,8:02:26,8:07:41
CMT,6/1/2014 8:02,6/1/2014 8:18,2,9.1000004,-73.981621,40.755394,1,N,-73.872871,40.774475,CRD,26,0,0.5,6.3499999,5.3299999,38.18,6/1/2014,8:02:26,19875,6/1/2014,8:18:51,19875,8:02:26,8:18:51
CMT,6/1/2014 8:02,6/1/2014 8:06,1,0.89999998,-73.959198,40.779331,1,N,-73.946533,40.77911,CRD,5,0,0.5,1.37,0,6.8699999,6/1/2014,8:02:32,19875,6/1/2014,8:06:14,19875,8:02:32,8:06:14
CMT,6/1/2014 8:02,6/1/2014 8:13,1,2.4000001,-73.983406,40.730061,1,N,-74.007332,40.719845,CSH,10.5,0,0.5,0,0,11,6/1/2014,8:02:32,19875,6/1/2014,8:13:09,19875,8:02:32,8:13:09
CMT,6/1/2014 8:02,6/1/2014 8:04,1,0.69999999,-73.994087,40.75745,1,N,-74.003143,40.756126,CSH,4.5,0,0.5,0,0,5,6/1/2014,8:02:32,19875,6/1/2014,8:04:43,19875,8:02:32,8:04:43
CMT,6/1/2014 8:02,6/1/2014 8:06,1,1.1,-73.95591,40.769348,1,N,-73.948853,40.782784,CRD,5.5,0,0.5,1.2,0,7.1999998,6/1/2014,8:02:33,19875,6/1/2014,8:06:43,19875,8:02:33,8:06:43
CMT,6/1/2014 8:02,6/1/2014 8:17,1,9,-73.982307,40.771957,1,N,-73.915321,40.884052,CRD,26,0,0.5,7.23,2.4400001,36.169998,6/1/2014,8:02:34,19875,6/1/2014,8:17:20,19875,8:02:34,8:17:20
CMT,6/1/2014 8:02,6/1/2014 8:20,1,16,-73.970985,40.750324,2,N,-73.785568,40.643196,CSH,52,0,0.5,0,5.3299999,57.830002,6/1/2014,8:02:35,19875,6/1/2014,8:20:14,19875,8:02:35,8:20:14
CMT,6/1/2014 8:02,6/1/2014 8:10,1,2.3,-73.967339,40.792774,1,N,-73.93969,40.805283,CSH,9,0,0.5,0,0,9.5,6/1/2014,8:02:36,19875,6/1/2014,8:10:49,19875,8:02:36,8:10:49
CMT,6/1/2014 8:02,6/1/2014 8:25,1,8.6000004,-73.985924,40.75948,1,N,-73.861763,40.767334,CRD,26.5,0,0.5,8.1000004,0,35.099998,6/1/2014,8:02:36,19875,6/1/2014,8:25:10,19875,8:02:36,8:25:10
CMT,6/1/2014 8:02,6/1/2014 8:09,1,1.3,-73.989174,40.726669,1,N,-74.004288,40.73114,CRD,7,0,0.5,1.5,0,9,6/1/2014,8:02:37,19875,6/1/2014,8:09:59,19875,8:02:37,8:09:59
CMT,6/1/2014 8:02,6/1/2014 8:06,2,1.1,-73.956573,40.76759,1,N,-73.954376,40.779987,CRD,5.5,0,0.5,1.2,0,7.1999998,6/1/2014,8:02:40,19875,6/1/2014,8:06:04,19875,8:02:40,8:06:04
CMT,6/1/2014 8:02,6/1/2014 8:32,1,8,-73.987396,40.744827,1,N,-73.91362,40.756439,CSH,27.5,0,0.5,0,0,28,6/1/2014,8:02:40,19875,6/1/2014,8:32:20,19875,8:02:40,8:32:20
CMT,6/1/2014 8:02,6/1/2014 8:06,1,0.69999999,-73.992088,40.725883,1,N,-73.984001,40.721416,CSH,4.5,0,0.5,0,0,5,6/1/2014,8:02:40,19875,6/1/2014,8:06:12,19875,8:02:40,8:06:12
CMT,6/1/2014 8:02,6/1/2014 8:26,1,7.5999999,-73.985184,40.756699,1,N,-73.957848,40.670429,CRD,25,0,0.5,5.0999999,0,30.6,6/1/2014,8:02:41,19875,6/1/2014,8:26:06,19875,8:02:41,8:26:06
CMT,6/1/2014 8:02,6/1/2014 8:20,1,5.5,-73.917747,40.743309,1,N,-73.983414,40.738976,CRD,18.5,0,0.5,1,0,20,6/1/2014,8:02:42,19875,6/1/2014,8:20:18,19875,8:02:42,8:20:18
CMT,6/1/2014 8:02,6/1/2014 8:13,1,2.5,-73.972122,40.794659,1,N,-73.97731,40.765259,CRD,10.5,0,0.5,0.5,0,11.5,6/1/2014,8:02:42,19875,6/1/2014,8:13:02,19875,8:02:42,8:13:02
CMT,6/1/2014 8:02,6/1/2014 8:15,1,4.1999998,-73.989464,40.768009,1,N,-74.002419,40.719681,CRD,15,0,0.5,2.5,0,18,6/1/2014,8:02:42,19875,6/1/2014,8:15:19,19875,8:02:42,8:15:19
CMT,6/1/2014 8:02,6/1/2014 8:08,1,1.2,-73.993484,40.734112,1,N,-73.981598,40.74382,CRD,6.5,0,0.5,1,0,8,6/1/2014,8:02:42,19875,6/1/2014,8:08:24,19875,8:02:42,8:08:24
CMT,6/1/2014 8:02,6/1/2014 8:18,1,4.6999998,-73.946373,40.777328,1,N,-74.002235,40.755009,CSH,16,0,0.5,0,0,16.5,6/1/2014,8:02:45,19875,6/1/2014,8:18:09,19875,8:02:45,8:18:09
CMT,6/1/2014 8:02,6/1/2014 8:11,1,2.2,-73.971512,40.757629,1,N,-73.979446,40.735603,CRD,9,0,0.5,1.9,0,11.4,6/1/2014,8:02:47,19875,6/1/2014,8:11:30,19875,8:02:47,8:11:30
CMT,6/1/2014 8:02,6/1/2014 8:14,3,4.3000002,-73.98188,40.76292,1,N,-74.015305,40.709839,CSH,14.5,0,0.5,0,0,15,6/1/2014,8:02:47,19875,6/1/2014,8:14:33,19875,8:02:47,8:14:33
CMT,6/1/2014 8:02,6/1/2014 8:15,1,6.9000001,-73.91861,40.769611,1,N,-73.918449,40.793518,CRD,20.5,0,0.5,5.2600002,5.3299999,31.59,6/1/2014,8:02:49,19875,6/1/2014,8:15:42,19875,8:02:49,8:15:42
CMT,6/1/2014 8:02,6/1/2014 8:14,1,4.5,-73.946136,40.777313,1,N,-73.98835,40.729855,CRD,15.5,0,0.5,3.2,0,19.200001,6/1/2014,8:02:50,19875,6/1/2014,8:14:33,19875,8:02:50,8:14:33
CMT,6/1/2014 8:02,6/1/2014 8:18,2,10.9,-73.863983,40.769451,1,N,-73.981117,40.733383,CRD,30,0,0.5,6,0,36.5,6/1/2014,8:02:51,19875,6/1/2014,8:18:41,19875,8:02:51,8:18:41
CMT,6/1/2014 8:02,6/1/2014 8:05,3,0.40000001,-73.961052,40.769863,1,N,-73.96534,40.766514,CSH,4,0,0.5,0,0,4.5,6/1/2014,8:02:51,19875,6/1/2014,8:05:33,19875,8:02:51,8:05:33
CMT,6/1/2014 8:02,6/1/2014 8:14,1,2.5,-73.984512,40.722607,1,N,-73.990372,40.74836,CRD,10.5,0,0.5,2.2,0,13.2,6/1/2014,8:02:51,19875,6/1/2014,8:14:12,19875,8:02:51,8:14:12
CMT,6/1/2014 8:02,6/1/2014 8:05,1,1,-73.990402,40.74649,1,N,-73.978195,40.752274,CSH,5,0,0.5,0,0,5.5,6/1/2014,8:02:52,19875,6/1/2014,8:05:43,19875,8:02:52,8:05:43
CMT,6/1/2014 8:02,6/1/2014 8:19,1,9.6999998,-73.942871,40.843491,1,N,-73.870239,40.773033,CRD,28,0,0.5,4.1700001,5.3299999,38,6/1/2014,8:02:53,19875,6/1/2014,8:19:53,19875,8:02:53,8:19:53
CMT,6/1/2014 8:02,6/1/2014 8:33,1,12,-73.986679,40.758553,1,N,-73.865097,40.770531,CSH,37,0,0.5,0,5.3299999,42.830002,6/1/2014,8:02:53,19875,6/1/2014,8:33:48,19875,8:02:53,8:33:48
CMT,6/1/2014 8:02,6/1/2014 8:09,1,1,-73.972221,40.755756,1,N,-73.979973,40.765251,CSH,7,0,0.5,0,0,7.5,6/1/2014,8:02:56,19875,6/1/2014,8:09:40,19875,8:02:56,8:09:40
CMT,6/1/2014 8:02,6/1/2014 8:26,1,15.8,-73.872154,40.774014,1,N,-74.010086,40.711273,CRD,43,0,0.5,5,5.3299999,53.830002,6/1/2014,8:02:58,19875,6/1/2014,8:26:59,19875,8:02:58,8:26:59
CMT,6/1/2014 8:02,6/1/2014 8:24,1,10.1,-73.982941,40.756161,1,N,-73.864937,40.770416,CRD,30,0,0.5,5,5.3299999,40.830002,6/1/2014,8:02:59,19875,6/1/2014,8:24:57,19875,8:02:59,8:24:57
VTS,6/1/2014 8:03,6/1/2014 8:32,1,19.35,-73.787971,40.641472,2,,-73.994156,40.732136,CSH,52,0,0.5,0,0,52.5,6/1/2014,8:03:00,19875,6/1/2014,8:32:00,19875,8:03:00,8:32:00
VTS,6/1/2014 8:03,6/1/2014 8:33,3,15.04,-73.788078,40.641491,4,,-73.653397,40.592358,CSH,54.5,0,0.5,0,0,55,6/1/2014,8:03:00,19875,6/1/2014,8:33:00,19875,8:03:00,8:33:00
VTS,6/1/2014 8:03,6/1/2014 8:30,1,17.110001,-73.789665,40.646519,2,,-73.977348,40.759327,CSH,52,0,0.5,0,5.3299999,57.830002,6/1/2014,8:03:00,19875,6/1/2014,8:30:00,19875,8:03:00,8:30:00
VTS,6/1/2014 8:03,6/1/2014 8:16,1,6.9699998,-73.920692,40.742599,1,,-73.861732,40.768402,CRD,21,0,0.5,1,0,22.5,6/1/2014,8:03:00,19875,6/1/2014,8:16:00,19875,8:03:00,8:16:00
VTS,6/1/2014 8:03,6/1/2014 8:21,1,4.6500001,-73.929916,40.761951,1,,-73.989082,40.754013,CSH,16.5,0,0.5,0,0,17,6/1/2014,8:03:00,19875,6/1/2014,8:21:00,19875,8:03:00,8:21:00
VTS,6/1/2014 8:03,6/1/2014 8:23,1,4.73,-73.941925,40.751114,1,,-73.93985,40.750004,CSH,14.5,0,0.5,0,0,15,6/1/2014,8:03:00,19875,6/1/2014,8:23:00,19875,8:03:00,8:23:00
VTS,6/1/2014 8:03,6/1/2014 8:10,6,1.48,-73.944679,40.803192,1,,-73.961784,40.811142,CSH,7.5,0,0.5,0,0,8,6/1/2014,8:03:00,19875,6/1/2014,8:10:00,19875,8:03:00,8:10:00
VTS,6/1/2014 8:03,6/1/2014 8:16,1,6.3499999,-73.948898,40.773632,1,,-73.939087,40.839272,CRD,20.5,0,0.5,4.0999999,0,25.1,6/1/2014,8:03:00,19875,6/1/2014,8:16:00,19875,8:03:00,8:16:00
VTS,6/1/2014 8:03,6/1/2014 8:03,1,0.01,-73.954094,40.759541,3,,-73.954079,40.759289,CSH,20,0,0,0,0,20,6/1/2014,8:03:00,19875,6/1/2014,8:03:00,19875,8:03:00,8:03:00
VTS,6/1/2014 8:03,6/1/2014 8:21,5,3.6700001,-73.954613,40.76416,1,,-73.920746,40.742386,CRD,16,0,0.5,3.2,0,19.700001,6/1/2014,8:03:00,19875,6/1/2014,8:21:00,19875,8:03:00,8:21:00
VTS,6/1/2014 8:03,6/1/2014 8:06,1,0.64999998,-73.955055,40.780273,1,,-73.954948,40.786716,CRD,4.5,0,0.5,0.40000001,0,5.4000001,6/1/2014,8:03:00,19875,6/1/2014,8:06:00,19875,8:03:00,8:06:00
VTS,6/1/2014 8:03,6/1/2014 8:07,2,1.27,-73.967079,40.795113,1,,-73.979469,40.781963,CRD,5.5,0,0.5,1.1,0,7.0999999,6/1/2014,8:03:00,19875,6/1/2014,8:07:00,19875,8:03:00,8:07:00
VTS,6/1/2014 8:03,6/1/2014 8:14,1,2.3,-73.96769,40.752377,1,,-73.988892,40.751213,CRD,10,0,0.5,2,0,12.5,6/1/2014,8:03:00,19875,6/1/2014,8:14:00,19875,8:03:00,8:14:00
CMT,6/1/2014 8:03,6/1/2014 8:04,1,0.60000002,-73.968292,40.791885,1,N,-73.975243,40.786972,CSH,4,0,0.5,0,0,4.5,6/1/2014,8:03:00,19875,6/1/2014,8:04:33,19875,8:03:00,8:04:33
VTS,6/1/2014 8:03,6/1/2014 8:07,1,0.93000001,-73.969955,40.758308,1,,-73.973274,40.747715,CSH,5,0,0.5,0,0,5.5,6/1/2014,8:03:00,19875,6/1/2014,8:07:00,19875,8:03:00,8:07:00
VTS,6/1/2014 8:03,6/1/2014 8:08,1,0.97000003,-73.972404,40.764446,1,,-73.985008,40.759014,CSH,6,0,0.5,0,0,6.5,6/1/2014,8:03:00,19875,6/1/2014,8:08:00,19875,8:03:00,8:08:00
VTS,6/1/2014 8:03,6/1/2014 8:07,1,0.98000002,-73.973618,40.789467,1,,-73.971733,40.800205,CRD,5,0,0.5,1,0,6.5,6/1/2014,8:03:00,19875,6/1/2014,8:07:00,19875,8:03:00,8:07:00
VTS,6/1/2014 8:03,6/1/2014 8:09,1,1.05,-73.974297,40.754078,1,,-73.971672,40.7635,CSH,6,0,0.5,0,0,6.5,6/1/2014,8:03:00,19875,6/1/2014,8:09:00,19875,8:03:00,8:09:00
VTS,6/1/2014 8:03,6/1/2014 8:08,1,2.1500001,-73.976654,40.748138,1,,-73.960533,40.774136,CRD,8,0,0.5,1.6,0,10.1,6/1/2014,8:03:00,19875,6/1/2014,8:08:00,19875,8:03:00,8:08:00
VTS,6/1/2014 8:03,6/1/2014 8:23,2,16.07,-73.976685,40.751293,2,,-73.788925,40.641563,CRD,52,0,0.5,10,7.5,70,6/1/2014,8:03:00,19875,6/1/2014,8:23:00,19875,8:03:00,8:23:00
VTS,6/1/2014 8:03,6/1/2014 8:32,2,11.42,-73.977058,40.750896,1,,-73.98175,40.725323,CRD,36,0,0.5,8.2700005,5.3299999,50.099998,6/1/2014,8:03:00,19875,6/1/2014,8:32:00,19875,8:03:00,8:32:00
VTS,6/1/2014 8:03,6/1/2014 8:09,6,1.58,-73.977356,40.764736,1,,-73.991974,40.749748,CSH,7,0,0.5,0,0,7.5,6/1/2014,8:03:00,19875,6/1/2014,8:09:00,19875,8:03:00,8:09:00
VTS,6/1/2014 8:03,6/1/2014 8:11,1,2.55,-73.977989,40.783604,1,,-73.958786,40.81517,CRD,9,0,0.5,1,0,10.5,6/1/2014,8:03:00,19875,6/1/2014,8:11:00,19875,8:03:00,8:11:00
VTS,6/1/2014 8:03,6/1/2014 8:10,1,1.54,-73.979958,40.746246,1,,-73.995583,40.732746,CSH,7,0,0.5,0,0,7.5,6/1/2014,8:03:00,19875,6/1/2014,8:10:00,19875,8:03:00,8:10:00
VTS,6/1/2014 8:03,6/1/2014 8:06,5,0.61000001,-73.981773,40.771381,1,,-73.982094,40.77882,CRD,4.5,0,0.5,1.12,0,6.1199999,6/1/2014,8:03:00,19875,6/1/2014,8:06:00,19875,8:03:00,8:06:00
VTS,6/1/2014 8:03,6/1/2014 8:09,1,1.77,-73.982246,40.73143,1,,-73.974678,40.751366,CRD,7.5,0,0.5,0,0,8,6/1/2014,8:03:00,19875,6/1/2014,8:09:00,19875,8:03:00,8:09:00
VTS,6/1/2014 8:03,6/1/2014 8:10,3,1.9299999,-73.983231,40.744659,1,,-74.004356,40.737999,CSH,8,0,0.5,0,0,8.5,6/1/2014,8:03:00,19875,6/1/2014,8:10:00,19875,8:03:00,8:10:00
VTS,6/1/2014 8:03,6/1/2014 8:14,6,5.1500001,-73.984116,40.760422,1,,-73.962143,40.813904,CSH,16.5,0,0.5,0,0,17,6/1/2014,8:03:00,19875,6/1/2014,8:14:00,19875,8:03:00,8:14:00
VTS,6/1/2014 8:03,6/1/2014 8:17,1,4.3000002,-73.986275,40.772099,1,,-73.944481,40.819347,CSH,15,0,0.5,0,0,15.5,6/1/2014,8:03:00,19875,6/1/2014,8:17:00,19875,8:03:00,8:17:00
VTS,6/1/2014 8:03,6/1/2014 8:10,1,1.52,-73.987083,40.754456,1,,-73.980347,40.73999,CSH,7.5,0,0.5,0,0,8,6/1/2014,8:03:00,19875,6/1/2014,8:10:00,19875,8:03:00,8:10:00
VTS,6/1/2014 8:03,6/1/2014 8:07,1,1.35,-73.988846,40.748363,1,,-73.99733,40.760353,CRD,6,0,0.5,1,0,7.5,6/1/2014,8:03:00,19875,6/1/2014,8:07:00,19875,8:03:00,8:07:00
VTS,6/1/2014 8:03,6/1/2014 8:08,1,0.63999999,-73.9897,40.755497,1,,-73.99559,40.759312,CSH,5,0,0.5,0,0,5.5,6/1/2014,8:03:00,19875,6/1/2014,8:08:00,19875,8:03:00,8:08:00
VTS,6/1/2014 8:03,6/1/2014 8:06,1,0.88999999,-73.991135,40.75597,1,,-73.981293,40.765194,CSH,5,0,0.5,0,0,5.5,6/1/2014,8:03:00,19875,6/1/2014,8:06:00,19875,8:03:00,8:06:00
VTS,6/1/2014 8:03,6/1/2014 8:09,5,1.2,-73.992378,40.763317,1,,-73.977928,40.753532,CSH,6,0,0.5,0,0,6.5,6/1/2014,8:03:00,19875,6/1/2014,8:09:00,19875,8:03:00,8:09:00
VTS,6/1/2014 8:03,6/1/2014 8:21,1,6.1500001,-73.992592,40.763756,1,,-73.98793,40.690651,CSH,20,0,0.5,0,0,20.5,6/1/2014,8:03:00,19875,6/1/2014,8:21:00,19875,8:03:00,8:21:00
VTS,6/1/2014 8:03,6/1/2014 8:08,1,1.12,-73.993355,40.730778,1,,-73.994812,40.740253,CSH,6,0,0.5,0,0,6.5,6/1/2014,8:03:00,19875,6/1/2014,8:08:00,19875,8:03:00,8:08:00
VTS,6/1/2014 8:03,6/1/2014 8:15,1,1.63,-73.997787,40.765224,1,,-73.978722,40.752716,CSH,10.5,0,0.5,0,0,11,6/1/2014,8:03:00,19875,6/1/2014,8:15:00,19875,8:03:00,8:15:00
VTS,6/1/2014 8:03,6/1/2014 8:10,1,2.48,-74.000252,40.726768,1,,-73.984703,40.756104,CSH,9,0,0.5,0,0,9.5,6/1/2014,8:03:00,19875,6/1/2014,8:10:00,19875,8:03:00,8:10:00
VTS,6/1/2014 8:03,6/1/2014 8:07,1,0.88,-74.001816,40.727997,1,,-74.006371,40.734272,CRD,5,0,0.5,1,0,6.5,6/1/2014,8:03:00,19875,6/1/2014,8:07:00,19875,8:03:00,8:07:00
VTS,6/1/2014 8:03,6/1/2014 8:13,1,2.1600001,-74.005478,40.728008,1,,-73.985573,40.71085,CSH,9.5,0,0.5,0,0,10,6/1/2014,8:03:00,19875,6/1/2014,8:13:00,19875,8:03:00,8:13:00
VTS,6/1/2014 8:03,6/1/2014 8:12,1,3.72,-74.007561,40.711716,1,,-73.989616,40.756042,CRD,12,0,0.5,2.4000001,0,14.9,6/1/2014,8:03:00,19875,6/1/2014,8:12:00,19875,8:03:00,8:12:00
VTS,6/1/2014 8:03,6/1/2014 8:16,6,4.0500002,-74.008591,40.709942,1,,-73.991882,40.749958,CRD,14.5,0,0.5,2,0,17,6/1/2014,8:03:00,19875,6/1/2014,8:16:00,19875,8:03:00,8:16:00
VTS,6/1/2014 8:03,6/1/2014 8:28,1,15.74,-74.016327,40.710773,3,,-74.177711,40.690311,CRD,60.5,0,0,0,11,71.5,6/1/2014,8:03:00,19875,6/1/2014,8:28:00,19875,8:03:00,8:28:00
CMT,6/1/2014 8:03,6/1/2014 8:22,2,11.1,-73.985428,40.760628,1,N,-73.872673,40.774319,CSH,32,0,0.5,0,5.3299999,37.830002,6/1/2014,8:03:01,19875,6/1/2014,8:22:55,19875,8:03:01,8:22:55
CMT,6/1/2014 8:03,6/1/2014 8:05,1,0.80000001,-73.986336,40.777073,1,N,-73.980499,40.787479,CSH,4.5,0,0.5,0,0,5,6/1/2014,8:03:02,19875,6/1/2014,8:05:28,19875,8:03:02,8:05:28
CMT,6/1/2014 8:03,6/1/2014 8:08,1,1.6,-73.959068,40.815277,1,N,-73.971703,40.79496,CRD,7,0,0.5,1.5,0,9,6/1/2014,8:03:03,19875,6/1/2014,8:08:22,19875,8:03:03,8:08:22
CMT,6/1/2014 8:03,6/1/2014 8:05,1,0.89999998,-73.983284,40.73019,1,N,-73.974625,40.741947,CRD,4.5,0,0.5,0.5,0,5.5,6/1/2014,8:03:03,19875,6/1/2014,8:05:32,19875,8:03:03,8:05:32
CMT,6/1/2014 8:03,6/1/2014 8:15,1,3.5,-73.951683,40.766506,1,N,-73.940376,40.805729,CSH,12.5,0,0.5,0,0,13,6/1/2014,8:03:04,19875,6/1/2014,8:15:32,19875,8:03:04,8:15:32
CMT,6/1/2014 8:03,6/1/2014 8:06,1,0.80000001,-73.961815,40.795639,1,N,-73.972984,40.796329,CSH,5,0,0.5,0,0,5.5,6/1/2014,8:03:04,19875,6/1/2014,8:06:57,19875,8:03:04,8:06:57
CMT,6/1/2014 8:03,6/1/2014 8:23,2,10.3,-73.862717,40.768932,1,N,-73.99675,40.736469,CSH,29.5,0,0.5,0,5.3299999,35.330002,6/1/2014,8:03:05,19875,6/1/2014,8:23:48,19875,8:03:05,8:23:48
CMT,6/1/2014 8:03,6/1/2014 8:06,1,0.80000001,-73.957741,40.773701,1,N,-73.952591,40.783829,CSH,5,0,0.5,0,0,5.5,6/1/2014,8:03:05,19875,6/1/2014,8:06:20,19875,8:03:05,8:06:20
CMT,6/1/2014 8:03,6/1/2014 8:20,1,10.4,-73.863052,40.768806,1,N,-73.977783,40.76416,CRD,29.5,0,0.5,7.0500002,5.3299999,42.380001,6/1/2014,8:03:07,19875,6/1/2014,8:20:55,19875,8:03:07,8:20:55
CMT,6/1/2014 8:03,6/1/2014 8:09,1,2.2,-73.982254,40.763153,1,N,-73.955566,40.776787,CRD,8,0,0.5,1.25,0,9.75,6/1/2014,8:03:07,19875,6/1/2014,8:09:01,19875,8:03:07,8:09:01
CMT,6/1/2014 8:03,6/1/2014 8:09,1,1,-73.989532,40.758766,1,N,-73.98497,40.748333,CSH,6.5,0,0.5,0,0,7,6/1/2014,8:03:09,19875,6/1/2014,8:09:20,19875,8:03:09,8:09:20
CMT,6/1/2014 8:03,6/1/2014 8:08,1,1,-73.990135,40.756744,1,N,-73.988983,40.748447,CSH,5.5,0,0.5,0,0,6,6/1/2014,8:03:09,19875,6/1/2014,8:08:06,19875,8:03:09,8:08:06
CMT,6/1/2014 8:03,6/1/2014 8:28,1,17.9,-73.998947,40.761196,2,N,-73.784172,40.643471,CSH,52,0,0.5,0,5.3299999,57.830002,6/1/2014,8:03:10,19875,6/1/2014,8:28:33,19875,8:03:10,8:28:33
CMT,6/1/2014 8:03,6/1/2014 8:41,2,18.700001,-73.992203,40.764252,2,N,-73.790077,40.646931,CRD,52,0,0.5,11.56,5.3299999,69.389999,6/1/2014,8:03:11,19875,6/1/2014,8:41:09,19875,8:03:11,8:41:09
CMT,6/1/2014 8:03,6/1/2014 8:10,1,2.2,-74.000671,40.737358,1,N,-73.978485,40.752594,CRD,8.5,0,0.5,2.7,0,11.7,6/1/2014,8:03:11,19875,6/1/2014,8:10:06,19875,8:03:11,8:10:06
CMT,6/1/2014 8:03,6/1/2014 8:17,1,2.0999999,-73.982521,40.772449,1,N,-73.956551,40.767174,CSH,12,0,0.5,0,0,12.5,6/1/2014,8:03:12,19875,6/1/2014,8:17:51,19875,8:03:12,8:17:51
CMT,6/1/2014 8:03,6/1/2014 8:10,1,2.5,-73.994629,40.755196,1,N,-74.011253,40.72858,CSH,9.5,0,0.5,0,0,10,6/1/2014,8:03:12,19875,6/1/2014,8:10:56,19875,8:03:12,8:10:56
CMT,6/1/2014 8:03,6/1/2014 8:07,1,0.89999998,-73.998741,40.764725,1,N,-74.003624,40.755634,CSH,5,0,0.5,0,0,5.5,6/1/2014,8:03:12,19875,6/1/2014,8:07:01,19875,8:03:12,8:07:01
CMT,6/1/2014 8:03,6/1/2014 8:24,2,16.700001,-73.969627,40.750401,2,N,-73.788979,40.641563,CSH,52,0,0.5,0,5.3299999,57.830002,6/1/2014,8:03:13,19875,6/1/2014,8:24:24,19875,8:03:13,8:24:24
CMT,6/1/2014 8:03,6/1/2014 8:11,1,2.7,-73.985229,40.758823,1,N,-73.995422,40.72628,CSH,10,0,0.5,0,0,10.5,6/1/2014,8:03:13,19875,6/1/2014,8:11:49,19875,8:03:13,8:11:49
CMT,6/1/2014 8:03,6/1/2014 8:05,1,0.60000002,-74.002579,40.749798,1,N,-73.994698,40.750465,CSH,4,0,0.5,0,0,4.5,6/1/2014,8:03:13,19875,6/1/2014,8:05:38,19875,8:03:13,8:05:38
CMT,6/1/2014 8:03,6/1/2014 8:16,1,4.6999998,-73.970207,40.7561,1,N,-73.940926,40.813843,CSH,15.5,0,0.5,0,0,16,6/1/2014,8:03:15,19875,6/1/2014,8:16:47,19875,8:03:15,8:16:47
CMT,6/1/2014 8:03,6/1/2014 8:28,2,17.6,-73.788673,40.642017,2,N,-73.98204,40.757698,CRD,52,0,0.5,5,5.3299999,62.830002,6/1/2014,8:03:16,19875,6/1/2014,8:28:30,19875,8:03:16,8:28:30
CMT,6/1/2014 8:03,6/1/2014 8:10,1,2.5,-73.975945,40.781273,1,N,-73.978821,40.753124,CSH,9.5,0,0.5,0,0,10,6/1/2014,8:03:20,19875,6/1/2014,8:10:55,19875,8:03:20,8:10:55
CMT,6/1/2014 8:03,6/1/2014 8:10,1,1.5,-73.954559,40.764027,1,N,-73.946571,40.78141,CRD,7.5,0,0.5,1.6,0,9.6000004,6/1/2014,8:03:22,19875,6/1/2014,8:10:08,19875,8:03:22,8:10:08
CMT,6/1/2014 8:03,6/1/2014 8:06,1,0.69999999,-73.989189,40.734245,1,N,-74.002609,40.739784,CSH,4.5,0,0.5,0,0,5,6/1/2014,8:03:23,19875,6/1/2014,8:06:14,19875,8:03:23,8:06:14
CMT,6/1/2014 8:03,6/1/2014 8:20,2,9.1000004,-73.992844,40.749439,1,N,-73.965775,40.836903,CSH,27,0,0.5,0,5.3299999,32.830002,6/1/2014,8:03:23,19875,6/1/2014,8:20:10,19875,8:03:23,8:20:10
CMT,6/1/2014 8:03,6/1/2014 8:09,2,1.1,-73.978905,40.764217,1,N,-73.984505,40.775585,CRD,6.5,0,0.5,1.4,0,8.3999996,6/1/2014,8:03:25,19875,6/1/2014,8:09:38,19875,8:03:25,8:09:38
CMT,6/1/2014 8:03,6/1/2014 8:23,1,10.6,-73.988342,40.722721,1,N,-74.035675,40.638756,CRD,30,0,0.5,6.0999999,0,36.599998,6/1/2014,8:03:27,19875,6/1/2014,8:23:17,19875,8:03:27,8:23:17
CMT,6/1/2014 8:03,6/1/2014 8:10,1,1.9,-74.012627,40.702473,1,N,-74.001579,40.721321,CRD,8,0,0.5,1,0,9.5,6/1/2014,8:03:27,19875,6/1/2014,8:10:37,19875,8:03:27,8:10:37
CMT,6/1/2014 8:03,6/1/2014 8:13,1,1.9,-73.979568,40.783752,1,N,-73.963516,40.767593,CSH,9.5,0,0.5,0,0,10,6/1/2014,8:03:28,19875,6/1/2014,8:13:14,19875,8:03:28,8:13:14
CMT,6/1/2014 8:03,6/1/2014 8:05,1,0.60000002,-73.995964,40.738583,1,N,-73.995461,40.733803,CRD,4,0,0.5,1,0,5.5,6/1/2014,8:03:28,19875,6/1/2014,8:05:51,19875,8:03:28,8:05:51
CMT,6/1/2014 8:03,6/1/2014 8:11,1,2.0999999,-73.98365,40.78109,1,N,-73.969376,40.761677,CSH,9.5,0,0.5,0,0,10,6/1/2014,8:03:29,19875,6/1/2014,8:11:46,19875,8:03:29,8:11:46
CMT,6/1/2014 8:03,6/1/2014 8:23,1,10.2,-73.99411,40.751381,1,N,-73.865234,40.770672,CRD,29.5,0,0.5,4,5.3299999,39.330002,6/1/2014,8:03:29,19875,6/1/2014,8:23:30,19875,8:03:29,8:23:30
CMT,6/1/2014 8:03,6/1/2014 8:05,1,0.60000002,-73.953842,40.778687,1,N,-73.946159,40.781437,CSH,4,0,0.5,0,0,4.5,6/1/2014,8:03:30,19875,6/1/2014,8:05:32,19875,8:03:30,8:05:32
CMT,6/1/2014 8:03,6/1/2014 8:03,1,0,-73.781616,40.64484,1,N,-73.78109,40.645,CSH,2.5,0,0.5,0,0,3,6/1/2014,8:03:31,19875,6/1/2014,8:03:44,19875,8:03:31,8:03:44
CMT,6/1/2014 8:03,6/1/2014 8:05,1,0.69999999,-73.963676,40.774452,1,N,-73.95462,40.779137,CRD,4.5,0,0.5,1,0,6,6/1/2014,8:03:31,19875,6/1/2014,8:05:49,19875,8:03:31,8:05:49
CMT,6/1/2014 8:03,6/1/2014 8:12,1,3.2,-73.990616,40.734577,1,N,-73.960434,40.761963,CSH,11,0,0.5,0,0,11.5,6/1/2014,8:03:31,19875,6/1/2014,8:12:35,19875,8:03:31,8:12:35
CMT,6/1/2014 8:03,6/1/2014 8:08,1,0.60000002,-73.948151,40.778755,1,N,-73.956924,40.779175,CSH,5,0,0.5,0,0,5.5,6/1/2014,8:03:32,19875,6/1/2014,8:08:13,19875,8:03:32,8:08:13
CMT,6/1/2014 8:03,6/1/2014 8:07,1,1.1,-73.94474,40.779617,1,N,-73.954613,40.76572,CSH,5.5,0,0.5,0,0,6,6/1/2014,8:03:34,19875,6/1/2014,8:07:00,19875,8:03:34,8:07:00
CMT,6/1/2014 8:03,6/1/2014 8:06,1,0.40000001,-73.963531,40.771828,1,N,-73.968185,40.768093,CSH,4,0,0.5,0,0,4.5,6/1/2014,8:03:35,19875,6/1/2014,8:06:33,19875,8:03:35,8:06:33
CMT,6/1/2014 8:03,6/1/2014 8:10,1,1.5,-73.952515,40.823895,1,N,-73.945816,40.807808,CRD,7.5,0,0.5,0,0,8,6/1/2014,8:03:36,19875,6/1/2014,8:10:12,19875,8:03:36,8:10:12
CMT,6/1/2014 8:03,6/1/2014 8:34,2,10.7,-73.988998,40.757603,1,N,-73.873016,40.774364,CRD,34.5,0,0.5,6.5,0,41.5,6/1/2014,8:03:36,19875,6/1/2014,8:34:36,19875,8:03:36,8:34:36
CMT,6/1/2014 8:03,6/1/2014 8:15,2,5.0999999,-74.010109,40.711624,1,N,-73.973671,40.752708,CRD,17,0,0.5,4.3699999,0,21.870001,6/1/2014,8:03:37,19875,6/1/2014,8:15:04,19875,8:03:37,8:15:04
CMT,6/1/2014 8:03,6/1/2014 8:19,1,9.6000004,-73.976395,40.788586,1,N,-73.898323,40.889214,CSH,27.5,0,0.5,0,0,28,6/1/2014,8:03:39,19875,6/1/2014,8:19:00,19875,8:03:39,8:19:00
CMT,6/1/2014 8:03,6/1/2014 8:11,1,1.9,-73.982239,40.778446,1,N,-73.987633,40.761047,CSH,9,0,0.5,0,0,9.5,6/1/2014,8:03:39,19875,6/1/2014,8:11:54,19875,8:03:39,8:11:54
CMT,6/1/2014 8:03,6/1/2014 8:10,1,1.3,-73.986214,40.762569,1,N,-73.973763,40.779705,CRD,7,0,0.5,2.25,0,9.75,6/1/2014,8:03:40,19875,6/1/2014,8:10:17,19875,8:03:40,8:10:17
CMT,6/1/2014 8:03,6/1/2014 8:42,1,13.1,-73.967262,40.803593,1,N,-73.907478,40.688843,CSH,41.5,0,0.5,0,0,42,6/1/2014,8:03:42,19875,6/1/2014,8:42:10,19875,8:03:42,8:42:10
CMT,6/1/2014 8:03,6/1/2014 8:07,1,0.5,-74.000427,40.719616,1,N,-73.995689,40.721611,CSH,4.5,0,0.5,0,0,5,6/1/2014,8:03:42,19875,6/1/2014,8:07:55,19875,8:03:42,8:07:55
CMT,6/1/2014 8:03,6/1/2014 8:26,2,12.2,-73.984467,40.759377,1,N,-73.864761,40.770359,CSH,34.5,0,0.5,0,5.3299999,40.330002,6/1/2014,8:03:43,19875,6/1/2014,8:26:50,19875,8:03:43,8:26:50
CMT,6/1/2014 8:03,6/1/2014 8:22,1,5.5,-73.956856,40.766617,1,N,-73.878334,40.756248,CSH,19.5,0,0.5,0,0,20,6/1/2014,8:03:44,19875,6/1/2014,8:22:01,19875,8:03:44,8:22:01
CMT,6/1/2014 8:03,6/1/2014 8:32,1,19.9,-73.974579,40.761147,3,N,-74.17701,40.694908,CSH,71,0,0,0,9,80,6/1/2014,8:03:45,19875,6/1/2014,8:32:47,19875,8:03:45,8:32:47
CMT,6/1/2014 8:03,6/1/2014 8:03,2,0,-73.782181,40.644661,2,N,0,0,CSH,52,0,0.5,0,5.3299999,57.830002,6/1/2014,8:03:48,19875,6/1/2014,8:03:48,19875,8:03:48,8:03:48
CMT,6/1/2014 8:03,6/1/2014 8:26,1,10,-73.863625,40.768761,1,N,-73.990517,40.759155,CRD,29.5,0,0.5,8.8299999,5.3299999,44.16,6/1/2014,8:03:48,19875,6/1/2014,8:26:01,19875,8:03:48,8:26:01
CMT,6/1/2014 8:03,6/1/2014 8:15,1,2.7,-73.976746,40.727177,1,N,-74.009827,40.722527,CRD,11,0,0.5,2.3,0,13.8,6/1/2014,8:03:48,19875,6/1/2014,8:15:16,19875,8:03:48,8:15:16
CMT,6/1/2014 8:03,6/1/2014 8:08,1,1.3,-73.951851,40.782059,1,N,-73.950478,40.794868,CRD,6,0,0.5,1.3,0,7.8000002,6/1/2014,8:03:49,19875,6/1/2014,8:08:33,19875,8:03:49,8:08:33
CMT,6/1/2014 8:03,6/1/2014 8:07,1,1.2,-73.979057,40.744339,1,N,-73.980484,40.730465,CRD,5.5,0,0.5,1.2,0,7.1999998,6/1/2014,8:03:49,19875,6/1/2014,8:07:12,19875,8:03:49,8:07:12
CMT,6/1/2014 8:03,6/1/2014 8:23,2,9.5,-73.992905,40.756344,1,N,-73.870407,40.77359,CRD,28,0,0.5,8.4499998,5.3299999,42.279999,6/1/2014,8:03:50,19875,6/1/2014,8:23:48,19875,8:03:50,8:23:48
CMT,6/1/2014 8:03,6/1/2014 8:25,1,7.8000002,-73.9599,40.655727,1,N,-73.903084,40.741539,CSH,25.5,0,0.5,0,0,26,6/1/2014,8:03:52,19875,6/1/2014,8:25:23,19875,8:03:52,8:25:23
CMT,6/1/2014 8:03,6/1/2014 8:25,2,4.8000002,-73.984261,40.762463,1,Y,-73.982201,40.727951,CSH,19,0,0.5,0,0,19.5,6/1/2014,8:03:53,19875,6/1/2014,8:25:50,19875,8:03:53,8:25:50
CMT,6/1/2014 8:03,6/1/2014 8:08,2,1.1,-74.005058,40.720284,1,N,-74.00956,40.727901,CRD,5.5,0,0.5,1.2,0,7.1999998,6/1/2014,8:03:53,19875,6/1/2014,8:08:09,19875,8:03:53,8:08:09
CMT,6/1/2014 8:03,6/1/2014 8:06,1,0.60000002,-73.953537,40.772942,1,N,-73.964043,40.776894,CSH,4,0,0.5,0,0,4.5,6/1/2014,8:03:57,19875,6/1/2014,8:06:36,19875,8:03:57,8:06:36
CMT,6/1/2014 8:03,6/1/2014 8:10,2,0.80000001,-73.997795,40.765141,1,N,-73.991013,40.757687,CSH,6.5,0,0.5,0,0,7,6/1/2014,8:03:57,19875,6/1/2014,8:10:30,19875,8:03:57,8:10:30
VTS,6/1/2014 8:04,6/1/2014 8:30,6,17.5,-73.776749,40.645477,1,,-73.863487,40.843361,CSH,47.5,0,0.5,0,5.3299999,53.330002,6/1/2014,8:04:00,19875,6/1/2014,8:30:00,19875,8:04:00,8:30:00
VTS,6/1/2014 8:04,6/1/2014 8:35,1,18.299999,-73.77758,40.646679,2,,-73.996758,40.744671,CSH,52,0,0.5,0,5.3299999,57.830002,6/1/2014,8:04:00,19875,6/1/2014,8:35:00,19875,8:04:00,8:35:00
VTS,6/1/2014 8:04,6/1/2014 8:38,1,20.26,-73.781471,40.64489,2,,-73.988792,40.777653,CRD,52,0,0.5,5,5.3299999,62.830002,6/1/2014,8:04:00,19875,6/1/2014,8:38:00,19875,8:04:00,8:38:00
VTS,6/1/2014 8:04,6/1/2014 8:30,2,12.52,-73.781868,40.644848,1,,-73.969749,40.687752,CRD,36.5,0,0.5,9.1199999,0,46.119999,6/1/2014,8:04:00,19875,6/1/2014,8:30:00,19875,8:04:00,8:30:00
VTS,6/1/2014 8:04,6/1/2014 8:18,1,6.5799999,-73.791489,40.645737,1,,-73.737625,40.68671,CSH,20.5,0,0.5,0,0,21,6/1/2014,8:04:00,19875,6/1/2014,8:18:00,19875,8:04:00,8:18:00
VTS,6/1/2014 8:04,6/1/2014 8:20,1,9.8100004,-73.869621,40.772968,1,,-73.984413,40.69154,CSH,28,0,0.5,0,0,28.5,6/1/2014,8:04:00,19875,6/1/2014,8:20:00,19875,8:04:00,8:20:00
CMT,6/1/2014 8:04,6/1/2014 8:06,1,0.60000002,-73.936501,40.798882,1,N,-73.945221,40.799286,CSH,4,0,0.5,0,0,4.5,6/1/2014,8:04:00,19875,6/1/2014,8:06:00,19875,8:04:00,8:06:00
VTS,6/1/2014 8:04,6/1/2014 8:12,5,1.88,-73.947235,40.778687,1,,-73.975067,40.785175,CRD,8.5,0,0.5,1,0,10,6/1/2014,8:04:00,19875,6/1/2014,8:12:00,19875,8:04:00,8:12:00
VTS,6/1/2014 8:04,6/1/2014 8:07,4,0.52999997,-73.947243,40.711426,1,,-73.956062,40.710663,CSH,4.5,0,0.5,0,0,5,6/1/2014,8:04:00,19875,6/1/2014,8:07:00,19875,8:04:00,8:07:00
VTS,6/1/2014 8:04,6/1/2014 8:22,1,12.03,-73.947845,40.778954,1,,-73.845428,40.739037,CSH,33.5,0,0.5,0,5.3299999,39.330002,6/1/2014,8:04:00,19875,6/1/2014,8:22:00,19875,8:04:00,8:22:00
VTS,6/1/2014 8:04,6/1/2014 8:18,5,6.6599998,-73.948029,40.754192,1,,-73.94735,40.818565,CSH,20.5,0,0.5,0,0,21,6/1/2014,8:04:00,19875,6/1/2014,8:18:00,19875,8:04:00,8:18:00
VTS,6/1/2014 8:04,6/1/2014 8:14,1,2.6300001,-73.953934,40.764503,1,,-73.942535,40.794376,CRD,10,0,0.5,1,0,11.5,6/1/2014,8:04:00,19875,6/1/2014,8:14:00,19875,8:04:00,8:14:00
VTS,6/1/2014 8:04,6/1/2014 8:18,1,3.52,-73.956612,40.777611,1,,-73.990356,40.751507,CRD,13.5,0,0.5,2,0,16,6/1/2014,8:04:00,19875,6/1/2014,8:18:00,19875,8:04:00,8:18:00
VTS,6/1/2014 8:04,6/1/2014 8:07,5,1.46,-73.957245,40.783257,1,,-73.965805,40.790161,CRD,6,0,0.5,1.2,0,7.6999998,6/1/2014,8:04:00,19875,6/1/2014,8:07:00,19875,8:04:00,8:07:00
VTS,6/1/2014 8:04,6/1/2014 8:11,2,1.48,-73.957504,40.770206,1,,-73.974693,40.762428,CSH,7.5,0,0.5,0,0,8,6/1/2014,8:04:00,19875,6/1/2014,8:11:00,19875,8:04:00,8:11:00
VTS,6/1/2014 8:04,6/1/2014 8:07,1,1.38,-73.958847,40.763557,1,,-73.947289,40.780193,CSH,5.5,0,0.5,0,0,6,6/1/2014,8:04:00,19875,6/1/2014,8:07:00,19875,8:04:00,8:07:00
VTS,6/1/2014 8:04,6/1/2014 8:09,1,1.96,-73.958893,40.770809,1,,-73.973289,40.747211,CRD,7.5,0,0.5,1,0,9,6/1/2014,8:04:00,19875,6/1/2014,8:09:00,19875,8:04:00,8:09:00
VTS,6/1/2014 8:04,6/1/2014 8:22,5,4.0799999,-73.960121,40.762161,1,,-74.004272,40.742207,CRD,16.5,0,0.5,3.3,0,20.299999,6/1/2014,8:04:00,19875,6/1/2014,8:22:00,19875,8:04:00,8:22:00
VTS,6/1/2014 8:04,6/1/2014 8:14,1,2.9000001,-73.960587,40.761856,1,,-73.990829,40.75095,CRD,11.5,0,0.5,2.3,0,14.3,6/1/2014,8:04:00,19875,6/1/2014,8:14:00,19875,8:04:00,8:14:00
VTS,6/1/2014 8:04,6/1/2014 8:21,5,5.3200002,-73.962158,40.779488,1,,-73.929611,40.773537,CSH,18,0,0.5,0,0,18.5,6/1/2014,8:04:00,19875,6/1/2014,8:21:00,19875,8:04:00,8:21:00
VTS,6/1/2014 8:04,6/1/2014 8:09,1,1.22,-73.964249,40.756355,1,,-73.960007,40.77042,CSH,6,0,0.5,0,0,6.5,6/1/2014,8:04:00,19875,6/1/2014,8:09:00,19875,8:04:00,8:09:00
VTS,6/1/2014 8:04,6/1/2014 8:16,1,2.9000001,-73.966103,40.793201,1,,-73.984779,40.759724,CSH,11.5,0,0.5,0,0,12,6/1/2014,8:04:00,19875,6/1/2014,8:16:00,19875,8:04:00,8:16:00
VTS,6/1/2014 8:04,6/1/2014 8:09,1,1.5,-73.966797,40.764191,1,,-73.981033,40.749592,CRD,6.5,0,0.5,1.95,0,8.9499998,6/1/2014,8:04:00,19875,6/1/2014,8:09:00,19875,8:04:00,8:09:00
VTS,6/1/2014 8:04,6/1/2014 8:06,2,0.75,-73.966904,40.794067,1,,-73.972984,40.785492,CSH,4,0,0.5,0,0,4.5,6/1/2014,8:04:00,19875,6/1/2014,8:06:00,19875,8:04:00,8:06:00
CMT,6/1/2014 8:04,6/1/2014 8:08,1,0.80000001,-73.970139,40.750347,1,N,-73.972443,40.757065,CSH,5,0,0.5,0,0,5.5,6/1/2014,8:04:00,19875,6/1/2014,8:08:33,19875,8:04:00,8:08:33
VTS,6/1/2014 8:04,6/1/2014 8:14,1,3.02,-73.971207,40.788116,1,,-73.974648,40.755142,CRD,11.5,0,0.5,2.05,0,14.05,6/1/2014,8:04:00,19875,6/1/2014,8:14:00,19875,8:04:00,8:14:00
VTS,6/1/2014 8:04,6/1/2014 8:20,1,4.8299999,-73.971794,40.792583,1,,-73.991112,40.751949,CRD,17.5,0,0.5,3.5,0,21.5,6/1/2014,8:04:00,19875,6/1/2014,8:20:00,19875,8:04:00,8:20:00
VTS,6/1/2014 8:04,6/1/2014 8:12,1,1.52,-73.971962,40.757156,1,,-73.965042,40.772388,CSH,8,0,0.5,0,0,8.5,6/1/2014,8:04:00,19875,6/1/2014,8:12:00,19875,8:04:00,8:12:00
VTS,6/1/2014 8:04,6/1/2014 8:11,1,2.72,-73.972076,40.765499,1,,-73.997169,40.73151,CRD,9.5,0,0.5,2.8499999,0,12.85,6/1/2014,8:04:00,19875,6/1/2014,8:11:00,19875,8:04:00,8:11:00
VTS,6/1/2014 8:04,6/1/2014 8:08,1,1.08,-73.972214,40.796799,1,,-73.979637,40.784542,CRD,5.5,0,0.5,1.38,0,7.3800001,6/1/2014,8:04:00,19875,6/1/2014,8:08:00,19875,8:04:00,8:08:00
VTS,6/1/2014 8:04,6/1/2014 8:08,1,0.85000002,-73.972397,40.794151,1,,-73.964874,40.800072,CSH,5,0,0.5,0,0,5.5,6/1/2014,8:04:00,19875,6/1/2014,8:08:00,19875,8:04:00,8:08:00
VTS,6/1/2014 8:04,6/1/2014 8:23,1,11.15,-73.974174,40.754696,1,,-73.864777,40.770298,CRD,31,0,0.5,7.27,5.3299999,44.099998,6/1/2014,8:04:00,19875,6/1/2014,8:23:00,19875,8:04:00,8:23:00
VTS,6/1/2014 8:04,6/1/2014 8:25,6,9.8100004,-73.974854,40.754807,1,,-73.86174,40.768448,CSH,29,0,0.5,0,0,29.5,6/1/2014,8:04:00,19875,6/1/2014,8:25:00,19875,8:04:00,8:25:00
VTS,6/1/2014 8:04,6/1/2014 8:09,1,1.35,-73.976982,40.764206,1,,-73.963745,40.774342,CSH,6,0,0.5,0,0,6.5,6/1/2014,8:04:00,19875,6/1/2014,8:09:00,19875,8:04:00,8:09:00
VTS,6/1/2014 8:04,6/1/2014 8:11,1,1.0700001,-73.977242,40.746799,1,,-73.992653,40.74934,CSH,7,0,0.5,0,0,7.5,6/1/2014,8:04:00,19875,6/1/2014,8:11:00,19875,8:04:00,8:11:00
